ISBN,Book-Title,Book-Author,Year-Of-Publication,Book-Publisher,Book-Douban-URL
9787572616099,食南之徒,马伯庸,2024,湖南文艺出版社,https://book.douban.com/subject/36710597/
9787572610912,太白金星有点烦,马伯庸,2023,湖南文艺出版社,https://book.douban.com/subject/36328704/
9787572608582,长安的荔枝,马伯庸,2022,湖南文艺出版社,https://book.douban.com/subject/36104107/
9787506365437,活着,余华,2012,作家出版社,https://book.douban.com/subject/4913064/
9787020139590,额尔古纳河右岸,迟子建,2019,人民文学出版社,https://book.douban.com/subject/34432750/
9787516835265,明亮的夜晚,[韩]崔恩荣,2023,台海出版社,https://book.douban.com/subject/36457094/
9787559484550,十八岁出门远行,余华,2024,江苏凤凰文艺出版社,https://book.douban.com/subject/36727285/
9787573508775,我们八月见,[哥伦比亚]加西亚·马尔克斯,2024,南海出版公司,https://book.douban.com/subject/36754770/
9787559641182,绝叫,[日]叶真中显,2020,北京联合出版公司,https://book.douban.com/subject/35031587/
9787549641901,恐怖呢喃,贵志祐介,2024,文汇出版社,https://book.douban.com/subject/36743308/
9787559640666,秋园,杨本芬,2020,北京联合出版公司,https://book.douban.com/subject/34998019/
9787201112695,悉达多,[德]赫尔曼·黑塞,2017,天津人民出版社,https://book.douban.com/subject/26980487/
9787536692930,三体,刘慈欣,2008,重庆出版社,https://book.douban.com/subject/2567698/
9787536097261,一句顶一万句,刘震云,2022,花城出版社,https://book.douban.com/subject/36062390/
9787533966102,生死疲劳,莫言,2022,浙江文艺出版社,https://book.douban.com/subject/35587028/
9787521226805,钦探,周游,2024,作家出版社,https://book.douban.com/subject/36736875/
9787559673848,最后一个死去的女孩,[美]哈里·多兰,2024,北京联合出版公司,https://book.douban.com/subject/36782247/
9787229030933,三体Ⅲ,刘慈欣,2010,重庆出版社,https://book.douban.com/subject/5363767/
9787532763696,卡拉马佐夫兄弟,[俄]费奥多尔·陀思妥耶夫斯基,2015,上海译文出版社,https://book.douban.com/subject/25887924/
9787532148004,繁花,金宇澄,2013,上海文艺出版社,https://book.douban.com/subject/22714154/
9787553520643,平面国,[英]埃德温·A.艾勃特,2020,上海文化出版社,https://book.douban.com/subject/35170896/
9787549565115,献给阿尔吉侬的花束,[美]丹尼尔·凯斯,2015,广西师范大学出版社,https://book.douban.com/subject/26362836/
9787201141527,窄门,[法]安德烈·纪德,2018,天津人民出版社,https://book.douban.com/subject/30331835/
9787532175512,消失的13级台阶,[日]高野和明,2020,上海文艺出版社,https://book.douban.com/subject/34996429/
9787542669964,夜晚的潜水艇,陈春成,2020,上海三联书店,https://book.douban.com/subject/35005045/
9787532969623,涅朵奇卡,陀思妥耶夫斯基,2023,山东文艺出版社,https://book.douban.com/subject/36504167/
9787532795161,信任,[美]埃尔南·迪亚斯,2024,上海译文出版社,https://book.douban.com/subject/36852938/
9787573506061,唯余细节,[瑞典]伊娅·根伯格,2024,南海出版公司,https://book.douban.com/subject/36633337/
9787544258975,霍乱时期的爱情,[哥伦比亚]加西亚·马尔克斯,2012,南海出版公司,https://book.douban.com/subject/10594787/
9787559866936,佐丽,[美]莱尔德·亨特,2024,广西师范大学出版社,https://book.douban.com/subject/36744522/
9787536693968,三体Ⅱ,刘慈欣,2008,重庆出版社,https://book.douban.com/subject/3066477/
9787544253994,百年孤独,[哥伦比亚]加西亚·马尔克斯,2011,南海出版公司,https://book.douban.com/subject/6082808/
9787020185054,暗处的女儿,[意大利]埃莱娜·费兰特,2024,人民文学出版社,https://book.douban.com/subject/36721763/
9787530219218,人生海海,麦家,2019,北京十月文艺出版社,https://book.douban.com/subject/30475767/
9787513353939,联愁杀,[日]西泽保彦,2024,新星出版社,https://book.douban.com/subject/36647304/
9787544258609,白夜行,[日]东野圭吾,2013,南海出版公司,https://book.douban.com/subject/10554308/
9787506365604,在细雨中呼喊,余华,2012,作家出版社,https://book.douban.com/subject/20421947/
9787535439765,一句顶一万句,刘震云,2009,长江文艺出版社,https://book.douban.com/subject/3633461/
9787559665539,她对此感到厌烦,妚鹤,2023,北京联合出版公司,https://book.douban.com/subject/36392723/
9787020002207,红楼梦,[清]曹雪芹著,1996,人民文学出版社,https://book.douban.com/subject/1007305/
9787559673039,隐墙,[奥]玛尔伦·豪斯霍费尔,2024,北京联合出版公司,https://book.douban.com/subject/36698238/
9787555913689,失明症漫记,[葡]若泽·萨拉马戈,2022,河南文艺出版社,https://book.douban.com/subject/35984787/
9787533969608,命运,蔡崇达,2022,浙江文艺出版社,https://book.douban.com/subject/36084340/
9787540496715,两京十五日,马伯庸,2020,湖南文艺出版社,https://book.douban.com/subject/35080870/
9787218169507,豆子芝麻茶,杨本芬,2023,广东人民出版社,https://book.douban.com/subject/36560856/
9787540245849,变形记,[奥地利]弗朗茨·卡夫卡,2020,北京燕山出版社,https://book.douban.com/subject/35218475/
9787574902343,人间信,麦家,2024,花城出版社,https://book.douban.com/subject/36808183/
9787506365697,兄弟,余华,2012,作家出版社,https://book.douban.com/subject/20441957/
9787547747216,赎罪,[日]凑佳苗,2024,北京日报出版社,https://book.douban.com/subject/36657403/
9787020120130,我的天才女友,[意]埃莱娜·费兰特,2017,人民文学出版社,https://book.douban.com/subject/26878124/
9787541166051,六个说谎的大学生,[日]浅仓秋成,2023,四川文艺出版社,https://book.douban.com/subject/36283547/
9787513355896,驽马,[英]米克·赫伦,2024,新星出版社,https://book.douban.com/subject/36808023/
9787530221280,流俗地,【马来西亚】黎紫书,2021,北京十月文艺出版社,https://book.douban.com/subject/35430425/
9787544270878,解忧杂货店,[日]东野圭吾,2014,南海出版公司,https://book.douban.com/subject/25862578/
9787506331746,遥远的救世主,豆豆,2005,作家出版社,https://book.douban.com/subject/1322455/
9787559614636,房思琪的初恋乐园,林奕含,2018,北京联合出版公司,https://book.douban.com/subject/27614904/
9787532751457,动物农场,[英]乔治·奥威尔,2010,上海译文出版社,https://book.douban.com/subject/4908879/
9787020181667,不理想的妻子,王欣,2024,人民文学出版社,https://book.douban.com/subject/36866737/
9787572615610,一个人消失在世上,[意]亚历山德罗·巴里科,2024,湖南文艺出版社,https://book.douban.com/subject/36739583/
9787544285148,恶意,[日]东野圭吾,2016,南海出版公司,https://book.douban.com/subject/26877752/
9787555913726,献给阿尔吉侬的花束,[美]丹尼尔·凯斯,2022,河南文艺出版社,https://book.douban.com/subject/35989392/
9787513331418,第七天,余华,2018,新星出版社,https://book.douban.com/subject/30259153/
9787201175133,焦虑的人,弗雷德里克·巴克曼,2021,天津人民出版社,https://book.douban.com/subject/35539713/
9787549641864,第七重解答,[法]保罗·霍尔特,2024,文汇出版社,https://book.douban.com/subject/36665775/
9787122346032,克莱因壶,[日]冈岛二人,2019,化学工业出版社,https://book.douban.com/subject/33658616/
9787541169175,宋慈洗冤笔记3,巫童,2024,四川文艺出版社,https://book.douban.com/subject/36809032/
9787532178377,西线无战事,[德]埃里希·玛丽亚·雷马克,2021,上海文艺出版社,https://book.douban.com/subject/35272817/
9787020185504,猛虎下山,李修文,2024,人民文学出版社,https://book.douban.com/subject/36848162/
9787536079113,大明王朝1566,刘和平,2016,花城出版社,https://book.douban.com/subject/26925171/
9787533960919,尘埃落定,阿来,2020,浙江文艺出版社,https://book.douban.com/subject/35051822/
9787547746349,追诉时效倒计时,[日]横山秀夫,2024,北京日报出版社,https://book.douban.com/subject/36462621/
9787020139927,失踪的孩子,[意]埃莱娜·费兰特,2018,人民文学出版社,https://book.douban.com/subject/30172069/
9787532751471,局外人,[法]阿尔贝·加缪,2010,上海译文出版社,https://book.douban.com/subject/4908885/
9787513335256,圣母,[日]秋吉理香子,2019,新星出版社,https://book.douban.com/subject/30475757/
9787544722803,树上的男爵,[意大利]伊塔洛·卡尔维诺,2012,译林出版社,https://book.douban.com/subject/6789605/
9787512515666,桥头楼上,Priest,2024,国际文化出版公司,https://book.douban.com/subject/36647809/
9787545581836,吾乡有情人,舍目斯,2024,天地出版社,https://book.douban.com/subject/36783188/
9787559628572,声音,【意】达契亚·玛拉依尼,2024,北京联合出版公司,https://book.douban.com/subject/30401342/
9787020096695,哈利·波特,J.K.罗琳(J.K.Rowling),2008,人民文学出版社,https://book.douban.com/subject/24531956/
9787572614675,失去的过去与未来的犯罪,[日]小林泰三,2024,湖南文艺出版社,https://book.douban.com/subject/36593833/
9787572615085,龙与地下铁,马伯庸,2024,湖南文艺出版社,https://book.douban.com/subject/36657407/
9787532776771,挪威的森林,[日]村上春树,2018,上海译文出版社,https://book.douban.com/subject/27200257/
9787530210291,1984,[英]乔治·奥威尔,2010,北京十月文艺出版社,https://book.douban.com/subject/4820710/
9787532761760,局外人,(法)阿尔贝·加缪,2013,上海译文出版社,https://book.douban.com/subject/24257486/
9787522520773,名侦探的献祭,[日]白井智之,2023,九州出版社,https://book.douban.com/subject/36512989/
9789573330806,1367,陳浩基,2014,陳浩基作品,https://book.douban.com/subject/25897884/
9787532761753,鼠疫,[法]阿尔贝·加缪,2013,上海译文出版社,https://book.douban.com/subject/24257229/
9787521757965,巴别塔,[美]匡灵秀,2023,中信出版集团,https://book.douban.com/subject/36463571/
9787532777532,长日将尽,[英]石黑一雄,2018,上海译文出版社,https://book.douban.com/subject/30142261/
9787220134135,费可的晚宴,珞珈,2022,读客文化,https://book.douban.com/subject/36897821/
9787513354356,替身计划,[日]山泽晴雄,2024,新星出版社,https://book.douban.com/subject/36669749/
9787544266123,一桩事先张扬的凶杀案,[哥伦比亚]加西亚·马尔克斯,2013,南海出版公司,https://book.douban.com/subject/24382569/
9787513311236,罗杰疑案,[英]阿加莎·克里斯蒂,2013,新星出版社,https://book.douban.com/subject/21371175/
9787537823425,边城,沈从文,2002,北岳文艺出版社,https://book.douban.com/subject/1057244/
9787572615931,伊甸之东,[美]约翰·斯坦贝克,2024,湖南文艺出版社,https://book.douban.com/subject/36710568/
9787020090297,白鹿原,陈忠实,2012,人民文学出版社,https://book.douban.com/subject/10564071/
9787210082835,面纱,[英]威廉·萨默塞特·毛姆,2016,江西人民出版社,https://book.douban.com/subject/26757680/
9787547744482,疼痛部,[荷]杜布拉夫卡·乌格雷西奇,2023,北京日报出版社,https://book.douban.com/subject/36206462/
9787020090006,围城,钱锺书,1991,人民文学出版社,https://book.douban.com/subject/11524204/
9787544258661,了不起的盖茨比,[美]斯科特·菲茨杰拉德,2012,南海出版公司,https://book.douban.com/subject/10738023/
9787544280020,你想活出怎样的人生,[日]吉野源三郎,2019,南海出版公司,https://book.douban.com/subject/34659228/
9787530215593,活着,余华,2017,北京十月文艺出版社,https://book.douban.com/subject/27064488/
9787513348744,第七天,余华,2023,新星出版社,https://book.douban.com/subject/36174516/
9787530212004,平凡的世界,路遥,2012,北京十月文艺出版社,https://book.douban.com/subject/10517238/
9787533946630,丰乳肥臀,莫言,2017,浙江文艺出版社,https://book.douban.com/subject/26904658/
9787532741922,刀锋,[英]毛姆,2007,上海译文出版社,https://book.douban.com/subject/2035162/
9787020035250,沧浪之水,阎真,2001,人民文学出版社,https://book.douban.com/subject/1054917/
9787544787352,挽救计划,[美]安迪·威尔,2021,译林出版社,https://book.douban.com/subject/35494160/
9787532762897,小径分岔的花园,[阿根廷]豪·路·博尔赫斯,2015,上海译文出版社,https://book.douban.com/subject/25796120/
9787208186231,我曾是一名饲养员,苍海,2024,上海人民出版社,https://book.douban.com/subject/36810202/
9787208186941,一千种绿，一万种蓝,[印度]安努拉达·洛伊,2024,上海人民出版社,https://book.douban.com/subject/36712968/
9787544798471,登春台,格非,2024,译林出版社,https://book.douban.com/subject/36490046/
9787544280907,世上最美的溺水者,[哥伦比亚]加西亚·马尔克斯,2015,南海出版公司,https://book.douban.com/subject/26628811/
9787532189526,大地中心的人,童末,2024,上海文艺出版社,https://book.douban.com/subject/36821429/
9787563397655,孽子,白先勇,2010,广西师范大学出版社,https://book.douban.com/subject/5337254/
9787559673084,孤独鸽,[美]拉里·麦克默特里,2024,北京联合出版公司,https://book.douban.com/subject/36698282/
9787020132003,离开的，留下的,[意]埃莱娜·费兰特,2017,人民文学出版社,https://book.douban.com/subject/27104959/
9787544774727,基督山伯爵,[法]大仲马,2018,译林出版社,https://book.douban.com/subject/30286914/
9787208130500,斯通纳,[美]约翰·威廉斯,2016,上海人民出版社,https://book.douban.com/subject/26425831/
9787533936020,月亮与六便士,[英]威廉·萨默塞特·毛姆,2017,浙江文艺出版社,https://book.douban.com/subject/26954760/
9787806570920,飘,[美国]玛格丽特·米切尔,2000,译林出版社,https://book.douban.com/subject/1068920/
9787532177578,抓落叶,[美]汤米·巴特勒,2020,上海文艺出版社,https://book.douban.com/subject/35182243/
9787542682147,无望的逃离,[俄]尤里·波利亚科夫,2024,上海三联书店,https://book.douban.com/subject/36532944/
9787559673077,大圆,[美]玛吉·希普斯特德,2024,北京联合出版公司,https://book.douban.com/subject/36698237/
9787546237381,草民,蔡崇达,2024,广州出版社,https://book.douban.com/subject/36897370/
9787533946647,檀香刑,莫言,2017,浙江文艺出版社,https://book.douban.com/subject/26905337/
9787020042494,小王子,[法]圣埃克苏佩里,2003,人民文学出版社,https://book.douban.com/subject/1084336/
9787020186068,请记得乐园,那多,2024,人民文学出版社,https://book.douban.com/subject/36835648/
9787540491413,愤怒的葡萄,[美]约翰·斯坦贝克,2019,湖南文艺出版社,https://book.douban.com/subject/33395266/
9787544785631,未来学大会,[波]斯坦尼斯瓦夫·莱姆,2021,译林出版社,https://book.douban.com/subject/35330057/
9787544722797,不存在的骑士,[意]伊塔洛·卡尔维诺,2012,译林出版社,https://book.douban.com/subject/6789551/
9787559657275,我本芬芳,杨本芬,2022,北京联合出版公司,https://book.douban.com/subject/35695541/
9787530221099,文城,余华,2021,北京十月文艺出版社,https://book.douban.com/subject/35335514/
9787541160868,素食者,[韩]韩江,2021,四川文艺出版社,https://book.douban.com/subject/35534519/
9787532791569,魔术师,[爱尔兰]科尔姆·托宾,2023,上海译文出版社,https://book.douban.com/subject/36294882/
9787559859754,红唇,[阿根廷]曼努埃尔·普伊格,2024,广西师范大学出版社,https://book.douban.com/subject/36361945/
9787532183562,大医·破晓篇,马伯庸,2022,上海文艺出版社,https://book.douban.com/subject/36069426/
9787573506078,假面游戏,[日]东野圭吾,2024,南海出版公司,https://book.douban.com/subject/36561834/
9787530216224,逃离,[加]艾丽丝·门罗,2016,北京十月文艺出版社,https://book.douban.com/subject/26863797/
9787559480187,一生悬命,陆春吾,2023,江苏凤凰文艺出版社,https://book.douban.com/subject/36584893/
9787540478339,长安十二时辰下,马伯庸,2017,湖南文艺出版社,https://book.douban.com/subject/26899538/
9787541167201,道德故事集,[南非]J.M.库切,2024,四川文艺出版社,https://book.douban.com/subject/36699350/
9787513351454,孔雀菩提,焦典,2023,新星出版社,https://book.douban.com/subject/36439212/
9787532763689,白夜,[俄]陀思妥耶夫斯基,2015,上海译文出版社,https://book.douban.com/subject/25887921/
9787213111822,车上的女儿,[日]宇佐见铃,2024,浙江人民出版社,https://book.douban.com/subject/36537891/
9787557030100,明明不是我！,[日]浅仓秋成,2024,广东旅游出版社,https://book.douban.com/subject/36711731/
9787544722346,分成两半的子爵,[意]伊塔洛·卡尔维诺,2012,译林出版社,https://book.douban.com/subject/10555486/
9787544291170,百年孤独,[哥伦比亚]加西亚·马尔克斯,2017,南海出版公司,https://book.douban.com/subject/27107109/
9787539957173,永恒的终结,[美]艾萨克·阿西莫夫,2014,江苏凤凰文艺出版社,https://book.douban.com/subject/25829693/
9787536455382,球状闪电,刘慈欣,2005,四川科学技术出版社,https://book.douban.com/subject/1192090/
9787540487645,云边有个小卖部,张嘉佳,2018,湖南文艺出版社,https://book.douban.com/subject/30254298/
9787513355872,起初·鱼甜,王朔,2024,新星出版社,https://book.douban.com/subject/36808070/
9787020172382,燕食记,葛亮,2022,人民文学出版社,https://book.douban.com/subject/36021908/
9787557032746,今天天气不错，我打算把上司……,[日]夕鹭叶,2024,广东旅游出版社,https://book.douban.com/subject/36808794/
9787572614620,精神病预后档案,穆戈,2024,湖南文艺出版社,https://book.douban.com/subject/36808867/
9787530216606,黄金时代,王小波,2017,北京十月文艺出版社,https://book.douban.com/subject/27013741/
9787544711630,呼啸山庄,(英)艾米莉·勃朗特,2010,译林出版社,https://book.douban.com/subject/4898521/
9787505756854,对我无害之人,[韩]崔恩荣,2023,中国友谊出版公司,https://book.douban.com/subject/36489654/
9787020125265,新名字的故事,[意]埃莱娜·费兰特,2017,人民文学出版社,https://book.douban.com/subject/26986954/
9787530669624,平原上的摩西,双雪涛,2016,百花文艺出版社,https://book.douban.com/subject/26803179/
9787544782173,索拉里斯星,[波]斯坦尼斯瓦夫·莱姆,2021,译林出版社,https://book.douban.com/subject/35049755/
9787573508133,恶时辰,[哥伦比亚]加西亚·马尔克斯,2024,南海出版公司,https://book.douban.com/subject/36791198/
9787201143705,审判,[奥]弗兰茨·卡夫卡,2019,天津人民出版社,https://book.douban.com/subject/33383582/
9787508672717,人生复本,[美国]布莱克·克劳奇,2017,中信出版社,https://book.douban.com/subject/27125958/
9787547746417,这一切纯属偶然！,[日]伊坂幸太郎,2024,北京日报出版社,https://book.douban.com/subject/36466787/
9787307223950,鹿川有许多粪,李沧东,2021,武汉大学出版社,https://book.douban.com/subject/35517022/
9787540478315,长安十二时辰上,马伯庸,2017,湖南文艺出版社,https://book.douban.com/subject/26899537/
9787532170692,2001：太空漫游,[英]阿瑟·克拉克,2019,上海文艺出版社,https://book.douban.com/subject/30471298/
9787020171774,你的夏天还好吗？,[韩国]金爱烂,2022,人民文学出版社,https://book.douban.com/subject/36109174/
9787205100674,金阁寺,[日]三岛由纪夫,2021,辽宁人民出版社,https://book.douban.com/subject/35324326/
9787020159475,酒吧长谈,[秘鲁]马里奥·巴尔加斯·略萨,2021,人民文学出版社,https://book.douban.com/subject/34933180/
9787541167553,宋慈洗冤笔记,巫童,2023,四川文艺出版社,https://book.douban.com/subject/36540441/
9787559673336,面纱下的女性,[埃及]纳瓦勒·萨达维,2024,北京联合出版公司,https://book.douban.com/subject/36706389/
9787533974527,鸡蛋的胜利和其他故事,[美]舍伍德·安德森,2024,浙江文艺出版社,https://book.douban.com/subject/36740535/
9787544756426,仿生人会梦见电子羊吗？,[美]菲利普·迪克,2017,译林出版社,https://book.douban.com/subject/27041533/
9787540473990,告白,[日]凑佳苗,2016,湖南文艺出版社,https://book.douban.com/subject/26681984/
9787229050238,面纱,(英)W.萨默塞特·毛姆,2012,重庆出版社,https://book.douban.com/subject/10560798/
9787530211168,倾城之恋,张爱玲,2012,北京十月文艺出版社,https://book.douban.com/subject/10757940/
9787572616082,被定格的红与蓝,青山美智子,2024,湖南文艺出版社,https://book.douban.com/subject/36743903/
9787533966157,切文古尔,[苏联]安德烈·普拉东诺夫,2024,浙江文艺出版社,https://book.douban.com/subject/35926599/
9787101165838,甲申前夜·大晦,刘鹤,2024,中华书局,https://book.douban.com/subject/36897341/
9787559851987,关于女儿,[韩]金惠珍,2022,广西师范大学出版社,https://book.douban.com/subject/36035671/
9787539989891,巨人的陨落,[英]肯·福莱特,2016,江苏凤凰文艺出版社,https://book.douban.com/subject/26698660/
9787533960414,地下室手记,(俄罗斯)陀思妥耶夫斯基,2020,浙江文艺出版社,https://book.douban.com/subject/34990839/
9787544285025,金色梦乡,[日]伊坂幸太郎,2016,南海出版公司,https://book.douban.com/subject/26864984/
9787020028115,骆驼祥子,老舍,1962,人民文学出版社,https://book.douban.com/subject/1043815/
9787563397648,台北人,白先勇,2010,广西师范大学出版社,https://book.douban.com/subject/5337248/
9787549559671,强风吹拂,三浦紫苑,2015,广西师范大学出版社,https://book.douban.com/subject/26210487/
9787020173228,当我们不再理解世界,[智利]本哈明·拉巴图特,2022,人民文学出版社,https://book.douban.com/subject/36073906/
9785214589626,三体全集,刘慈欣,2018,读客文化,https://book.douban.com/subject/33420947/
9787229042066,三体全集,刘慈欣,2012,重庆出版社,https://book.douban.com/subject/6518605/
9787530209226,四世同堂,老舍,2008,北京十月文艺出版社,https://book.douban.com/subject/3183775/
9787555913139,五号屠场,[美]库尔特·冯内古特,2022,河南文艺出版社,https://book.douban.com/subject/35815592/
9787532774685,美丽新世界,【英】奥尔德斯·赫胥黎,2017,上海译文出版社,https://book.douban.com/subject/27002046/
9787521764246,松木的清香,万玛才旦著,2024,中信出版集团,https://book.douban.com/subject/36800213/
9787533946661,蛙,莫言,2017,浙江文艺出版社,https://book.douban.com/subject/26904483/
9787020040179,傲慢与偏见,[英]奥斯丁,1993,人民文学出版社,https://book.douban.com/subject/1083428/
9787530221396,平凡的世界（全三部）,路遥,2021,北京十月文艺出版社,https://book.douban.com/subject/35493439/
9787540488475,显微镜下的大明,马伯庸,2019,湖南文艺出版社,https://book.douban.com/subject/30414743/
9787547747957,不能赢的辩护,[英]史蒂夫·卡瓦纳,2024,北京日报出版社,https://book.douban.com/subject/36707933/
9787536094420,一日三秋,刘震云,2021,花城出版社,https://book.douban.com/subject/35496106/
9787020169450,斑马,傅真,2022,人民文学出版社,https://book.douban.com/subject/35333763/
9787505724358,庆余年·壹,猫腻,2008,中国友谊出版公司,https://book.douban.com/subject/3155622/
9787513351911,献给名侦探的甜美死亡,[日]方丈贵惠,2023,新星出版社,https://book.douban.com/subject/36316842/
9787108006721,天龙八部,金庸,1994,生活·读书·新知三联书店,https://book.douban.com/subject/1255625/
9787550291225,黑暗的左手,[美]厄休拉·勒古恩,2017,北京联合出版公司,https://book.douban.com/subject/26916012/
9787544264112,失明症漫记,[葡]若泽·萨拉马戈,2014,南海出版公司,https://book.douban.com/subject/20428302/
9787532189823,疼痛之子,蒯乐昊,2024,上海文艺出版社,https://book.douban.com/subject/36879773/
9787201161693,蛤蟆先生去看心理医生,[英]罗伯特·戴博德,2020,天津人民出版社,https://book.douban.com/subject/35143790/
9787544786171,罪与罚,[俄]陀思妥耶夫斯基,2021,译林出版社,https://book.douban.com/subject/35406615/
9787544276207,彷徨之刃,[日]东野圭吾,2015,南海出版公司,https://book.douban.com/subject/26298572/
9787542682543,不间断的人,双雪涛,2024,上海三联书店,https://book.douban.com/subject/36590165/
9787532739547,月亮和六便士,[英]毛姆,2006,上海译文出版社,https://book.douban.com/subject/1858513/
9787532786831,克拉拉与太阳,[英]石黑一雄,2021,上海译文出版社,https://book.douban.com/subject/35315153/
9787020143566,19年间谋杀小叙,那多,2018,人民文学出版社,https://book.douban.com/subject/30237176/
9787513355391,行星仪轨,暗号,2024,新星出版社,https://book.douban.com/subject/36759461/
9787508696010,老人与海,[美]欧内斯特·海明威,2018,中信出版社,https://book.douban.com/subject/30338134/
9787541168161,黑铁时代,[南非]J.M.库切,2024,四川文艺出版社,https://book.douban.com/subject/36663631/
9787559868534,我，不适应,[日]年森瑛,2024,广西师范大学出版社,https://book.douban.com/subject/36831365/
9787536091184,组织部来了个年轻人,王蒙,2021,花城出版社,https://book.douban.com/subject/35455394/
9787532763719,白痴,[俄]陀思妥耶夫斯基,2015,上海译文出版社,https://book.douban.com/subject/25887933/
9787533975074,骗子的化装表演,[美]赫尔曼·麦尔维尔,2024,浙江文艺出版社,https://book.douban.com/subject/36799717/
9787221179586,星咏师的记忆,[日]阿津川辰海,2024,贵州人民出版社,https://book.douban.com/subject/36570620/
9787544879842,周四推理俱乐部：活了两次的男人,[英]理查德·奥斯曼,2022,接力出版社,https://book.douban.com/subject/36177409/
9787020008728,三国演义（全二册）,[明]罗贯中,1998,人民文学出版社,https://book.douban.com/subject/1019568/
9787539982830,无声告白,[美]伍绮诗,2015,江苏凤凰文艺出版社,https://book.douban.com/subject/26382433/
9787201097213,彷徨,鲁迅,2016,天津人民出版社,https://book.douban.com/subject/26710671/
9787516927687,女仆,[美]弗雷达·麦克法登,2024,华龄出版社,https://book.douban.com/subject/36897640/
9787536098084,紫颜色,[美]艾丽斯·沃克,2023,花城出版社,https://book.douban.com/subject/36181310/
9787572609268,我在北京送快递,胡安焉,2023,湖南文艺出版社,https://book.douban.com/subject/36150423/
9787506098861,伊凡·伊里奇之死,[俄]列夫·托尔斯泰,2017,东方出版社,https://book.douban.com/subject/27140882/
9787020167111,夜谭十记,马识途,2021,人民文学出版社,https://book.douban.com/subject/35333169/
9787572616075,拨开迷雾,雫井脩介,2024,湖南文艺出版社,https://book.douban.com/subject/36743034/
9787513351850,孤岛的来访者,[日]方丈贵惠,2023,新星出版社,https://book.douban.com/subject/36284336/
9787545561647,大地之上,[加拿大]罗欣顿·米斯特里,2021,天地出版社,https://book.douban.com/subject/35268657/
9787108006660,神雕侠侣,金庸,1994,生活·读书·新知三联书店,https://book.douban.com/subject/1255624/
9787544757225,火星救援,[美]安迪·威尔,2015,译林出版社,https://book.douban.com/subject/26586492/
9787544296274,夏天、烟火和我的尸体,[日]乙一,2019,南海出版公司,https://book.douban.com/subject/34778574/
9787544882286,周四推理俱乐部：消失的子弹,[英]理查德·奥斯曼,2023,接力出版社,https://book.douban.com/subject/36482947/
9787541169946,宋慈洗冤笔记4,巫童,2024,四川文艺出版社,https://book.douban.com/subject/36909085/
9787513311762,霸王别姬,李碧华,2013,新星出版社,https://book.douban.com/subject/25737043/
9787020164776,晚熟的人,莫言,2020,人民文学出版社,https://book.douban.com/subject/35141940/
9787541167744,枭起青壤,尾鱼,2024,四川文艺出版社,https://book.douban.com/subject/36584894/
9787802283398,玫瑰的故事,亦舒,2007,新世界出版社,https://book.douban.com/subject/2115040/
9787108006639,笑傲江湖（全四册）,金庸,1994,生活·读书·新知三联书店,https://book.douban.com/subject/1002299/
9787530222850,公开的秘密,[加]艾丽丝·门罗,2024,北京十月文艺出版社,https://book.douban.com/subject/36229500/
9787539655239,城中之城,滕肖澜,2020,安徽文艺出版社,https://book.douban.com/subject/36789840/
9787020180240,黑牢城,[日]米泽穗信,2023,人民文学出版社,https://book.douban.com/subject/36432614/
9787532794355,想象动物志,[阿根廷]豪尔赫·路易斯·博尔赫斯,2024,上海译文出版社,https://book.douban.com/subject/36596649/
9787575300735,生死结,尹学芸,2024,译林出版社,https://book.douban.com/subject/36796806/
9787544292443,没有人给他写信的上校,[哥伦比亚]加西亚·马尔克斯,2018,南海出版公司,https://book.douban.com/subject/30177172/
9787201159096,德米安,[德]赫尔曼·黑塞,2020,天津人民出版社,https://book.douban.com/subject/35060088/
9787544281102,新参者,[日]东野圭吾,2016,南海出版公司,https://book.douban.com/subject/26639966/
9787307207004,烧纸,[韩]李沧东,2020,武汉大学出版社,https://book.douban.com/subject/30441551/
9787547745809,狐狸,[荷]杜布拉夫卡·乌格雷西奇,2023,北京日报出版社,https://book.douban.com/subject/36242830/
9787515520711,疯人说：精神病院医生手记,穆戈,2021,金城出版社,https://book.douban.com/subject/35489993/
9787201151656,一间只属于自己的房间,[英]弗吉尼亚·伍尔夫,2019,天津人民出版社,https://book.douban.com/subject/34835082/
9787544384636,漫长的告别,[美]雷蒙德·钱德勒,2018,海南出版社,https://book.douban.com/subject/30316475/
9787512515635,幻觉侦探,[日]小西雅晖,2024,国际文化出版公司,https://book.douban.com/subject/36673885/
9787532177721,风声,麦家,2020,上海文艺出版社,https://book.douban.com/subject/35166857/
9787513313421,尼罗河上的惨案,[英]阿加莎·克里斯蒂,2013,新星出版社,https://book.douban.com/subject/25697546/
9787506368698,天幕红尘,豆豆,2013,作家出版社,https://book.douban.com/subject/24748615/
9787530216033,许三观卖血记,余华,2017,北京十月文艺出版社,https://book.douban.com/subject/27141102/
9787547746479,终身验尸官,[日]横山秀夫,2024,北京日报出版社,https://book.douban.com/subject/36480673/
9787530223659,云落,张楚,2024,北京十月文艺出版社,https://book.douban.com/subject/36808470/
9787535452795,一地鸡毛,刘震云,2011,长江文艺出版社,https://book.douban.com/subject/6793573/
9787532185900,安南想象,朱琺,2024,上海文艺出版社,https://book.douban.com/subject/36744308/
9787532185719,大医·日出篇,马伯庸,2022,上海文艺出版社,https://book.douban.com/subject/36155568/
9787506394314,白鹿原,陈忠实,2017,作家出版社,https://book.douban.com/subject/27047454/
9787513353212,六个凶手,李师江,2024,新星出版社,https://book.douban.com/subject/36584199/
9787536097254,一地鸡毛,刘震云,2022,花城出版社,https://book.douban.com/subject/36061380/
9787542681942,平乐县志,颜歌,2023,上海三联书店,https://book.douban.com/subject/36520183/
9787020102747,战争与和平,[俄]托尔斯泰,2015,人民文学出版社,https://book.douban.com/subject/25837845/
9787530218624,倾城之恋,张爱玲,2019,北京十月文艺出版社,https://book.douban.com/subject/30294357/
9787559817617,强风吹拂,[日]三浦紫苑,2019,广西师范大学出版社,https://book.douban.com/subject/33440237/
9787533960247,蛙,莫言,2020,浙江文艺出版社,https://book.douban.com/subject/35037315/
9787020114115,动物园,[日]乙一,2016,人民文学出版社,https://book.douban.com/subject/26723423/
9787539978529,神们自己,[美]艾萨克·阿西莫夫,2014,江苏凤凰文艺出版社,https://book.douban.com/subject/26264967/
9787513315104,高尔夫球场命案,[英]阿加莎·克里斯蒂,2014,新星出版社,https://book.douban.com/subject/25905706/
9787532785360,使女的故事,[加拿大]玛格丽特·阿特伍德,2020,上海译文出版社,https://book.douban.com/subject/35114057/
9787557029807,天官赐福,墨香铜臭,2023,广东旅游出版社,https://book.douban.com/subject/36327424/
9787515350264,人世间（套装共三册）,梁晓声,2018,中国青年出版社,https://book.douban.com/subject/30134582/
9787532744756,罗生门,[日]芥川龙之介,2008,上海译文出版社,https://book.douban.com/subject/3136271/
9787532741571,一个陌生女人的来信,[奥]斯蒂芬·茨威格,2007,上海译文出版社,https://book.douban.com/subject/2154960/
9787020024759,围城,钱锺书,1991,人民文学出版社,https://book.douban.com/subject/1008145/
9787559654168,夜莺,[美]克莉丝汀·汉娜,2021,北京联合出版公司,https://book.douban.com/subject/35611194/
9787532793655,生活的囚徒,[爱尔兰]威廉·特雷弗,2023,上海译文出版社,https://book.douban.com/subject/36594895/
9787547744048,人类灭绝,[日]高野和明,2023,北京日报出版社,https://book.douban.com/subject/36136689/
9787559478344,月亮与六便士,[英]威廉·萨默赛特·毛姆,2024,江苏凤凰文艺出版社,https://book.douban.com/subject/36464457/
9787532751488,荒原狼,[德]赫尔曼·黑塞,2010,上海译文出版社,https://book.douban.com/subject/4908883/
9787530222324,兄弟,余华,2022,北京十月文艺出版社,https://book.douban.com/subject/35907578/
9787020166930,如雪如山,张天翼,2022,人民文学出版社,https://book.douban.com/subject/35875393/
9787541165368,玻璃塔谜案,[日]知念实希人,2023,四川文艺出版社,https://book.douban.com/subject/36170929/
9787220105135,雨,[马来西亚]黄锦树,2018,四川人民出版社,https://book.douban.com/subject/27192538/
9787221153159,82年生的金智英,[韩]赵南柱,2019,贵州人民出版社,https://book.douban.com/subject/34434309/
9787532189519,全家福,孙一圣,2024,上海文艺出版社,https://book.douban.com/subject/36826966/
9787539979359,棋王·树王·孩子王,阿城,2016,江苏凤凰文艺出版社,https://book.douban.com/subject/26734559/
9787516834930,他人,[韩]姜禾吉,2023,台海出版社,https://book.douban.com/subject/36238843/
9787532186624,在小山和小山之间,李停,2023,上海文艺出版社,https://book.douban.com/subject/36388449/
9787572604713,成何体统,七英俊,2022,湖南文艺出版社,https://book.douban.com/subject/35813425/
9787210082903,人性的枷锁,[英]威廉·萨默塞特·毛姆,2016,江西人民出版社,https://book.douban.com/subject/26803714/
9787541142185,一个叫欧维的男人决定去死,[瑞典]弗雷德里克·巴克曼,2015,四川文艺出版社,https://book.douban.com/subject/26672693/
9787513321211,十角馆事件,[日]绫辻行人,2016,新星出版社,https://book.douban.com/subject/26771717/
9787513311229,斯泰尔斯庄园奇案,(英)阿加莎·克里斯蒂,2013,新星出版社,https://book.douban.com/subject/21692860/
9787574901643,各自为爱的我们,小满,2024,花城出版社,https://book.douban.com/subject/36833107/
9787559459244,年月日,阎连科,2021,江苏凤凰文艺出版社,https://book.douban.com/subject/35490076/
9787544766753,九故事,[美]J.D.塞林格,2018,译林出版社,https://book.douban.com/subject/26905155/
9787544258210,秘密,[日]东野圭吾,2017,南海出版公司,https://book.douban.com/subject/27115970/
9787540468422,坏小孩,紫金陈,2018,湖南文艺出版社,https://book.douban.com/subject/25955474/
9787544779319,呼吸,[美]特德·姜,2019,译林出版社,https://book.douban.com/subject/34672176/
9787544244190,牧羊少年奇幻之旅,[巴西]保罗·柯艾略,2009,南海出版公司,https://book.douban.com/subject/3608208/
9787544722278,看不见的城市,[意]伊塔洛·卡尔维诺,2012,译林出版社,https://book.douban.com/subject/10555509/
9787513303293,人间椅子,[日]江户川乱步,2011,新星出版社,https://book.douban.com/subject/6558046/
9787020026906,白鹿原,陈忠实,1997,人民文学出版社,https://book.douban.com/subject/1085799/
9787532712243,基督山伯爵,[法国]大仲马,1991,上海译文出版社,https://book.douban.com/subject/1085860/
9787801656087,明朝那些事儿（1-9）,当年明月,2009,中国海关出版社,https://book.douban.com/subject/3674537/
9787532795017,烈焰焚币,[阿根廷]里卡多·皮格利亚,2024,上海译文出版社,https://book.douban.com/subject/36803139/
9787533950057,生吞,郑执,2017,浙江文艺出版社,https://book.douban.com/subject/27170951/
9787559604170,寂寞的游戏,袁哲生,2017,北京联合出版公司,https://book.douban.com/subject/27104286/
9787539967448,教父,[美]马里奥·普佐,2014,江苏文艺出版社,https://book.douban.com/subject/25762009/
9787807407904,盗墓笔记,南派三叔,2011,上海文化出版社,https://book.douban.com/subject/6953273/
9787020153541,庆余年·第一卷：远来是客,猫腻,2019,人民文学出版社,https://book.douban.com/subject/34839271/
9787547739792,盲视,[加]彼得·沃茨,2021,理想国,https://book.douban.com/subject/35462687/
9787572611964,坏小孩（修订新版）,紫金陈,2023,湖南文艺出版社,https://book.douban.com/subject/36414270/
9787544752473,你一生的故事,[美]特德·姜,2015,译林出版社,https://book.douban.com/subject/26295448/
9787218170428,绿血,宋迅,2024,广东人民出版社,https://book.douban.com/subject/36647187/
9787572613012,长夜难明:双星,紫金陈,2024,湖南文艺出版社,https://book.douban.com/subject/36480672/
9787530211144,半生缘,张爱玲,2012,北京十月文艺出版社,https://book.douban.com/subject/10757938/
9787020104253,契诃夫短篇小说选,[俄]契诃夫,2015,人民文学出版社,https://book.douban.com/subject/25897649/
9787020104345,悲惨世界,[法]雨果,2015,人民文学出版社,https://book.douban.com/subject/25897657/
9787020104499,包法利夫人,福楼拜,2003,人民文学出版社,https://book.douban.com/subject/25897678/
9787533975401,求婚的密室,[日]笹泽左保,2024,浙江文艺出版社,https://book.douban.com/subject/36811397/
9787544290678,南方高速,[阿根廷]胡里奥·科塔萨尔,2017,南海出版公司,https://book.douban.com/subject/27079479/
9787513353236,爷爷的鬼把戏,李师江,2024,新星出版社,https://book.douban.com/subject/36778927/
9787208161757,无尽的玩笑,[美]大卫·福斯特·华莱士,2023,上海人民出版社,https://book.douban.com/subject/34911332/
9787201142708,克林索尔的最后夏天,[德]赫尔曼·黑塞,2019,天津人民出版社,https://book.douban.com/subject/30389968/
9787573008213,恶魔少年,药丸岳,2022,海南出版社,https://book.douban.com/subject/36157422/
9787532744565,金阁寺,[日]三岛由纪夫,2009,上海译文出版社,https://book.douban.com/subject/3391248/
9787573012845,黑暗之家,[日]贵志祐介,2023,海南出版社,https://book.douban.com/subject/36520019/
9787521764239,拉夫尔,[俄]叶夫盖尼·沃多拉兹金（ЕвгенийВодолазкин）,2024,中信出版社,https://book.douban.com/subject/36806672/
9787532786046,在轮下,[德]赫尔曼·黑塞,2021,上海译文出版社,https://book.douban.com/subject/35438728/
9787514233650,如首无作祟之物,[日]三津田信三,2021,文化发展出版社,https://book.douban.com/subject/35406149/
9787544276986,你当像鸟飞往你的山,塔拉·韦斯特弗,2019,南海出版公司,https://book.douban.com/subject/33440205/
9787549599349,飞行家,双雪涛,2017,广西师范大学出版社,https://book.douban.com/subject/27116235/
9787559647597,请照顾好我妈妈,[韩]申京淑,2021,北京联合出版公司,https://book.douban.com/subject/35374447/
9787559639301,往复书简：初恋与不伦,[日]坂元裕二,2020,北京联合出版公司,https://book.douban.com/subject/34949694/
9787536484276,球状闪电,刘慈欣,2016,四川科学技术出版社,https://book.douban.com/subject/26856061/
9787572616341,海上钢琴师,[意]亚历山德罗·巴里科,2024,湖南文艺出版社,https://book.douban.com/subject/36747050/
9787532749744,窄门,[法]安德烈·纪德,2010,上海译文出版社,https://book.douban.com/subject/4246979/
9787532784301,正常人,[爱尔兰]萨莉·鲁尼,2020,上海译文出版社,https://book.douban.com/subject/35081921/
9787572704864,如果我们无法以光速前行,[韩]金草叶,2022,四川科学技术出版社,https://book.douban.com/subject/35802914/
9787542665010,棋王,阿城,2019,上海三联书店,https://book.douban.com/subject/30330181/
9787545576481,忒弥斯之剑,[日]中山七里,2024,天地出版社,https://book.douban.com/subject/36328703/
9787541167454,从姑获鸟开始,活儿该,2024,果麦文化,https://book.douban.com/subject/36527081/
9787229144609,面纱,[英]威廉·萨默塞特·毛姆,2020,重庆出版社,https://book.douban.com/subject/34856480/
9787201154060,城堡,[奥]弗兰茨·卡夫卡,2020,天津人民出版社,https://book.douban.com/subject/34856482/
9787559652614,浮木,杨本芬,2021,北京联合出版公司,https://book.douban.com/subject/35479662/
9787544709422,布鲁克林有棵树,贝蒂·史密斯（BettySmith),2009,译林出版社,https://book.douban.com/subject/3826899/
9787559620187,撒野,巫哲,2018,北京联合出版公司,https://book.douban.com/subject/30336340/
9787505757301,六小时后你会死,[日]高野和明,2024,中国友谊出版公司,https://book.douban.com/subject/36628430/
9787530221532,活着,余华,2021,北京十月文艺出版社,https://book.douban.com/subject/35481711/
9787559484598,河边的错误,余华,2024,江苏凤凰文艺出版社,https://book.douban.com/subject/36727284/
9787539971810,岛上书店,[美]加布瑞埃拉·泽文,2015,江苏凤凰文艺出版社,https://book.douban.com/subject/26340138/
9787532746323,到灯塔去,[英]弗吉尼亚·伍尔夫,2009,上海译文出版社,https://book.douban.com/subject/3402999/
9787513344180,阿勒泰的角落,李娟,2024,新星出版社,https://book.douban.com/subject/36629769/
9787108012586,射雕英雄传,金庸,1999,生活·读书·新知三联书店,https://book.douban.com/subject/1044547/
9787544784269,佩德罗·巴拉莫,[墨西哥]胡安·鲁尔福,2021,译林出版社,https://book.douban.com/subject/35221700/
9787545580389,沉默的十三岁,[法]塞西尔·阿利克斯,2024,天地出版社,https://book.douban.com/subject/36794598/
9787545573206,涅墨西斯的使者,[日]中山七里,2024,天地出版社,https://book.douban.com/subject/36139365/
9787201116693,外婆的道歉信,[瑞典]弗雷德里克·巴克曼,2017,天津人民出版社,https://book.douban.com/subject/27029890/
9787513345651,Blue,[日]叶真中显,2021,新星出版社,https://book.douban.com/subject/35503551/
9787559675224,想象海,朱岳,2024,北京联合出版公司,https://book.douban.com/subject/36827927/
9787020179688,被遗弃的日子,[意]埃莱娜·费兰特,2023,人民文学出版社,https://book.douban.com/subject/36402171/
9787573504272,不管谁睡了这张床,[美]雷蒙德·卡佛,2024,南海出版公司,https://book.douban.com/subject/36633338/
9787020171767,滔滔生活,[韩]金爱烂,2022,人民文学出版社,https://book.douban.com/subject/36109148/
9787020171910,外面是夏天,[韩]金爱烂,2022,人民文学出版社,https://book.douban.com/subject/36109193/
9787536094352,我的阿勒泰,李娟,2021,花城出版社,https://book.douban.com/subject/35552619/
9787547737941,平原上的摩西,双雪涛,2021,北京日报出版社,https://book.douban.com/subject/35192665/
9787559439833,某某,木苏里,2020,江苏凤凰文艺出版社,https://book.douban.com/subject/35160284/
9787513320955,钟表馆事件,[日]绫辻行人,2016,新星出版社,https://book.douban.com/subject/26771719/
9787020164257,推拿,毕飞宇,2022,人民文学出版社,https://book.douban.com/subject/35127676/
9787533970970,双面人生,[英]阿莉·史密斯,2024,浙江文艺出版社,https://book.douban.com/subject/36209179/
9787573618047,葡萄球菌,[日]道尾秀介,2024,青岛出版社,https://book.douban.com/subject/36700765/
9787513352963,玻璃长颈鹿,[日]加纳朋子,2024,新星出版社,https://book.douban.com/subject/36504163/
9787530201244,穆斯林的葬礼,霍达,1988,北京十月文艺出版社,https://book.douban.com/subject/1082334/
9787020186112,理性的疯狂梦,[智利]本哈明·拉巴图特,2024,人民文学出版社,https://book.douban.com/subject/36832227/
9787544225502,长恨歌,王安忆,2003,南海出版公司,https://book.douban.com/subject/1082349/
9787555916666,Y的悲剧,[美]埃勒里·奎因,2024,河南文艺出版社,https://book.douban.com/subject/36701252/
9787208187269,内陆之行,[奥]彼得·汉德克,2024,上海人民出版社,https://book.douban.com/subject/36701268/
9787213097553,变形记,[奥地利]弗朗茨·卡夫卡,2020,浙江人民出版社,https://book.douban.com/subject/35096299/
9787559672612,宽恕之城,雷米,2023,北京联合出版公司,https://book.douban.com/subject/36636611/
9787516835616,怪屋谜案,[日]雨穴,2023,台海出版社,https://book.douban.com/subject/36407256/
9787532180141,潮汐图,林棹,2022,上海文艺出版社,https://book.douban.com/subject/35653884/
9787533946722,红高粱家族,莫言,2017,浙江文艺出版社,https://book.douban.com/subject/26905339/
9787513311632,东方快车谋杀案,[英]阿加莎·克里斯蒂,2013,新星出版社,https://book.douban.com/subject/24153048/
9787573500946,雪国,[日]川端康成,2022,南海出版公司,https://book.douban.com/subject/35818897/
9787532741731,人生的枷锁,[英]毛姆,2007,上海译文出版社,https://book.douban.com/subject/2035171/
9787513305662,冬牧场,李娟,2012,新星出版社,https://book.douban.com/subject/10522856/
9787513303286,阴兽,[日]江户川乱步,2011,新星出版社,https://book.douban.com/subject/6558049/
9787513302043,两分铜币,[日]江户川乱步,2011,新星出版社,https://book.douban.com/subject/6001119/
9787549641932,清扫逝者房间的人,[日]中山七里,2024,文汇出版社,https://book.douban.com/subject/36705015/
9787530222768,你以为你是谁,[加]艾丽丝·门罗,2023,北京十月文艺出版社,https://book.douban.com/subject/36180769/
9787572612312,破烂回收店,[日]小林泰三,2023,湖南文艺出版社,https://book.douban.com/subject/36443466/
9787541166099,龙骨焚箱,尾鱼,2023,四川文艺出版社,https://book.douban.com/subject/36329727/
9787549559886,台北人,白先勇,2015,广西师范大学出版社,https://book.douban.com/subject/26253699/
9787559674067,毒花束,[日]织守恭弥,2024,北京联合出版公司,https://book.douban.com/subject/36739580/
9787201111421,猫城记,老舍,2017,天津人民出版社,https://book.douban.com/subject/26942959/
9787536025080,黄金时代,王小波,1999,花城出版社,https://book.douban.com/subject/1089243/
9787541167966,行者拉班·扫马的收集与爱情,广奈,2024,四川文艺出版社,https://book.douban.com/subject/36723662/
9787521764277,重影,泽帆,2024,中信出版集团,https://book.douban.com/subject/36794672/
9787532793389,还是要抱着温暖的锅子说晚安,[日]彩濑圆,2024,上海译文出版社,https://book.douban.com/subject/36710571/
9787569539356,最后一个人,[英]玛丽·雪莱,2024,陕西师范大学出版社,https://book.douban.com/subject/36612521/
9787551819251,山月记,[日]中岛敦,2018,三秦出版社,https://book.douban.com/subject/30394154/
9787559483300,骤雨,莫妮打,2024,江苏凤凰文艺出版社,https://book.douban.com/subject/36744070/
9787559420381,嫡嫁千金,千山茶客,2018,江苏凤凰文艺出版社,https://book.douban.com/subject/30485653/
9787572611070,邻居,[日]雫井脩介,2023,湖南文艺出版社,https://book.douban.com/subject/36351178/
9787802258136,第七重解答,[法]保罗·霍尔特,2010,新星出版社,https://book.douban.com/subject/4140380/
9787020186334,当燃,周宏翔,2024,人民文学出版社,https://book.douban.com/subject/36898744/
9787210113843,呼兰河传,萧红,2019,江西人民出版社,https://book.douban.com/subject/34451656/
9787544876155,周四推理俱乐部,[英]理查德·奥斯曼,2022,接力出版社,https://book.douban.com/subject/35762678/
9787020169498,成年人的谎言生活,[意大利]埃莱娜·费兰特,2021,人民文学出版社,https://book.douban.com/subject/35467795/
9787540492885,蝲蛄吟唱的地方,[美]迪莉娅·欧文斯,2019,湖南文艺出版社,https://book.douban.com/subject/34813209/
9787570226375,麒麟,周游,2022,长江文艺出版社,https://book.douban.com/subject/35960214/
9787513311755,饺子,李碧华,2013,新星出版社,https://book.douban.com/subject/25737044/
9787533962876,原始海,[苏联]安德烈·普拉东诺夫,2024,浙江文艺出版社,https://book.douban.com/subject/35272683/
9787513354196,种子与播种人,[南非]劳伦斯·凡·德·普司特,2024,新星出版社,https://book.douban.com/subject/36780322/
9787222228450,芭芭雅嘎下了个蛋,[荷]杜布拉夫卡·乌格雷西奇,2024,云南人民出版社,https://book.douban.com/subject/36897062/
9787559416551,与罗摩相会,[英]阿瑟·克拉克,2018,江苏凤凰文艺出版社,https://book.douban.com/subject/30161861/
9787208148536,奥古斯都,[美]约翰·威廉斯,2018,上海人民出版社,https://book.douban.com/subject/27180479/
9787547065143,鹿隐之野,押沙龙,2024,万卷出版公司,https://book.douban.com/subject/36862604/
9787530222454,在细雨中呼喊,余华,2023,北京十月文艺出版社,https://book.douban.com/subject/36028320/
9787532788637,到灯塔去,[英]弗吉尼亚·伍尔夫,2022,上海译文出版社,https://book.douban.com/subject/36062381/
9787550025103,默读,Priest,2018,百花洲文艺出版社,https://book.douban.com/subject/27608412/
9787553528557,控制,[美]约翰·兰多夫·桑顿,2024,上海文化出版社,https://book.douban.com/subject/36685658/
9787540486075,古董局中局1,马伯庸,2018,湖南文艺出版社,https://book.douban.com/subject/30197854/
9787532795505,独白,[法]西蒙娜·德·波伏瓦,2024,上海译文出版社,https://book.douban.com/subject/36751652/
9787572615795,沉默时，请大声朗读情书,梁彦增,2024,湖南文艺出版社,https://book.douban.com/subject/36818068/
9787532794331,金山的成色,[美]张辰极,2024,上海译文出版社,https://book.douban.com/subject/36818128/
9787547749357,土广寸木,魏思孝,2024,北京日报出版社,https://book.douban.com/subject/36850976/
9787020182275,恶心,[法]让-保尔·萨特,2023,人民文学出版社,https://book.douban.com/subject/36557107/
9787222143975,长夜难明,紫金陈,2017,云南人民出版社,https://book.douban.com/subject/26923390/
9787020049295,平凡的世界（全三部）,路遥,2005,人民文学出版社,https://book.douban.com/subject/1200840/
9787570204946,我的阿勒泰,李娟,2018,长江文艺出版社,https://book.douban.com/subject/30259726/
9787532789887,不能承受的生命之轻,米兰·昆德拉,2022,上海译文出版社,https://book.douban.com/subject/35764761/
9787547738207,仙症,郑执,2020,北京日报出版社,https://book.douban.com/subject/35216559/
9787208113039,魔戒,[英]J.R.R.托尔金,2013,上海人民出版社,https://book.douban.com/subject/21979017/
9787516836156,易碎品,何袜皮,2023,台海出版社,https://book.douban.com/subject/36495365/
9787559476395,外婆的小吃店,赵挺,2023,江苏凤凰文艺出版社,https://book.douban.com/subject/36462707/
9787544222976,窗边的小豆豆,[日]黑柳彻子著,2003,南海出版公司,https://book.douban.com/subject/1007914/
9787513306775,占星术杀人魔法,[日]岛田庄司,2012,新星出版社,https://book.douban.com/subject/10740776/
9787559674272,宇宙无事发生,[美]弗雷德里克·布朗,2024,北京联合出版公司,https://book.douban.com/subject/36759462/
9787549641802,女佣异闻,[日]乙一,2024,文汇出版社,https://book.douban.com/subject/36661179/
9787513350440,祈祷之海,[澳]格雷格·伊根,2023,新星出版社,https://book.douban.com/subject/36138906/
9787513346528,帷幕,[英]阿加莎·克里斯蒂,2021,新星出版社,https://book.douban.com/subject/35615063/
9787559427557,天谴者,法医秦明,2018,江苏凤凰文艺出版社,https://book.douban.com/subject/30372199/
9787544275552,梦中的欢快葬礼和十二个异乡故事,[哥伦比亚]加西亚·马尔克斯,2015,南海出版公司,https://book.douban.com/subject/26276924/
9787559480729,地下室的孤独先生,[美]安·泰勒,2024,江苏凤凰文艺出版社,https://book.douban.com/subject/36631789/
9787559802644,传家之物,[加拿大]艾丽丝·门罗,2017,广西师范大学出版社,https://book.douban.com/subject/27130210/
9787513338004,罗杰疑案,[英]阿加莎·克里斯蒂,2020,新星出版社,https://book.douban.com/subject/34985248/
9787220133237,无辜者的谎言,[美]A.R.托雷,2024,四川人民出版社,https://book.douban.com/subject/36519892/
9787539967363,沙丘,[美]弗兰克·赫伯特,2017,江苏凤凰文艺出版社,https://book.douban.com/subject/26836970/
9787544799157,安娜·卡列尼娜,[俄]列夫·托尔斯泰,2024,译林出版社,https://book.douban.com/subject/36601946/
9787544274371,迷宫中的将军,[哥伦比亚]加西亚·马尔克斯,2014,南海出版公司,https://book.douban.com/subject/25985126/
9787544766784,小妇人（经典译林）,[美]路易莎·梅·奥尔科特,2017,译林出版社,https://book.douban.com/subject/26984469/
9787532794201,长日将尽,[英]石黑一雄,2023,上海译文出版社,https://book.douban.com/subject/36536552/
9787513314992,一朵桔梗花,[日]连城三纪彦,2017,新星出版社,https://book.douban.com/subject/27001114/
9787536485679,十三层空间,[美]丹尼尔·加卢耶,2017,四川科学技术出版社,https://book.douban.com/subject/27001144/
9787532794140,维莱特,[英]夏洛蒂·勃朗特,2023,上海译文出版社,https://book.douban.com/subject/36503877/
9787201157412,低智商犯罪,紫金陈,2020,天津人民出版社,https://book.douban.com/subject/34996662/
9787533963071,基坑,[苏联]安德烈·普拉东诺夫,2024,浙江文艺出版社,https://book.douban.com/subject/35947058/
9787551169639,早安，怪物,凯瑟琳·吉尔迪纳,2024,花山文艺出版社,https://book.douban.com/subject/36700758/
9787532181377,少年巴比伦,路内,2023,上海文艺出版社,https://book.douban.com/subject/35771833/
9787572612701,她们的私生活,[美]迪莎·菲利亚夫,2023,湖南文艺出版社,https://book.douban.com/subject/36504518/
9787221172341,呼吸秋千,[德]赫塔·米勒,2023,贵州人民出版社,https://book.douban.com/subject/36176988/
9787572609473,距离月亮三公里,[日]伊与原新,2024,湖南文艺出版社,https://book.douban.com/subject/36340894/
9787532763702,罪与罚,[俄]陀思妥耶夫斯基,2015,上海译文出版社,https://book.douban.com/subject/25887912/
9787541166808,有人自林中坠落,蒲熠星,2023,四川文艺出版社,https://book.douban.com/subject/36472103/
9787521221022,深夜的蚕豆声,雪漠,2024,作家出版社,https://book.douban.com/subject/36701615/
9787547744581,刀锋,[英]毛姆,2023,北京日报出版社,https://book.douban.com/subject/36177611/
9787222065413,我的阿勒泰,李娟,2010,云南人民出版社,https://book.douban.com/subject/4884218/
9787512515819,W——我私人的奥斯威辛,[法]乔治·佩雷克,2024,国际文化出版公司,https://book.douban.com/subject/36538224/
9787533946685,酒国,莫言,2017,浙江文艺出版社,https://book.douban.com/subject/26904516/
9787521761108,岛屿的厝,龚万莹,2024,中信出版集团,https://book.douban.com/subject/36636649/
9787533946654,天堂蒜薹之歌,莫言,2017,浙江文艺出版社,https://book.douban.com/subject/26904661/
9787532793617,寻羊冒险记,[日]村上春树,2024,上海译文出版社,https://book.douban.com/subject/36531287/
9787542681904,老实好人,顾湘,2023,上海三联书店,https://book.douban.com/subject/36506706/
9787532189397,无雨烧茶,东君,2024,上海文艺出版社,https://book.douban.com/subject/36769097/
9787532779048,黄金案,[荷]高罗佩,2019,上海译文出版社,https://book.douban.com/subject/30281429/
9787509002780,ZOO,[日]乙一,2007,当代世界出版社,https://book.douban.com/subject/2297697/
9787514522440,猎物,[美]史黛西·威林厄姆,2024,中国致公出版社,https://book.douban.com/subject/36802421/
9787541167539,宋慈洗冤笔记2,巫童,2023,四川文艺出版社,https://book.douban.com/subject/36540442/
9787536099760,地球尽头的温室,金草叶,2023,花城出版社,https://book.douban.com/subject/36351326/
9787559456502,白鲸,[美]赫尔曼·麦尔维尔,2021,后浪,https://book.douban.com/subject/35524699/
9787020185627,去老万玉家,张炜,2024,人民文学出版社,https://book.douban.com/subject/36802884/
9787201097206,呐喊,鲁迅,2016,天津人民出版社,https://book.douban.com/subject/26710670/
9787544267618,嫌疑人X的献身,[日]东野圭吾,2014,南海出版公司,https://book.douban.com/subject/25924253/
9787532751655,不能承受的生命之轻,米兰·昆德拉,2010,上海译文出版社,https://book.douban.com/subject/4920007/
9787221119575,设局,紫金陈,2014,贵州人民出版社,https://book.douban.com/subject/25924860/
9787572612329,要来块水果塔吗？,[日]小林泰三,2023,湖南文艺出版社,https://book.douban.com/subject/36443467/
9787533971014,荒原狼,[德]赫尔曼·黑塞,2023,浙江文艺出版社,https://book.douban.com/subject/36214250/
9787513332903,首相绑架案,[英]阿加莎·克里斯蒂,2018,新星出版社,https://book.douban.com/subject/30381753/
9787549554522,孽子,白先勇,2014,广西师范大学出版社,https://book.douban.com/subject/26253695/
9787533975555,大世界,海飞,2024,浙江文艺出版社,https://book.douban.com/subject/36838277/
9787521761498,深渊,深蓝,2024,中信出版集团,https://book.douban.com/subject/36641699/
9787535486752,一句顶一万句,刘震云,2016,长江文艺出版社,https://book.douban.com/subject/26877012/
9789862138533,那不勒斯故事四部曲,艾琳娜.斐蘭德,2017,那不勒斯故事,https://book.douban.com/subject/27204805/
9787532794850,我作为男人的一生,[美]菲利普·罗斯,2024,上海译文出版社,https://book.douban.com/subject/36806670/
9787513344142,时空旅行者的沙漏,[日]方丈贵惠,2021,新星出版社,https://book.douban.com/subject/35430467/
9787020154586,庆余年·第二卷：人在京都,猫腻,2019,人民文学出版社,https://book.douban.com/subject/34840675/
9787530213643,一半是火焰一半是海水,王朔,2015,北京十月文艺出版社,https://book.douban.com/subject/26288884/
9787020083442,我与地坛,史铁生,2011,人民文学出版社,https://book.douban.com/subject/5910656/
9787205100643,潮骚,[日]三岛由纪夫,2021,辽宁人民出版社,https://book.douban.com/subject/35365849/
9787544277716,麒麟之翼,东野圭吾,2015,南海出版公司,https://book.douban.com/subject/26387513/
9787510872662,4321,[美]保罗·奥斯特,2019,九州出版社,https://book.douban.com/subject/30254236/
9787020123728,芳华,[美国]严歌苓,2017,人民文学出版社,https://book.douban.com/subject/27010212/
9787531357759,逍遥游,班宇,2020,春风文艺出版社,https://book.douban.com/subject/34940823/
9789573335146,秧歌,張愛玲,2020,張愛玲百歲誕辰紀念版,https://book.douban.com/subject/34973828/
9787530221525,沧浪之水,阎真,2021,北京十月文艺出版社,https://book.douban.com/subject/35498118/
9787229185084,紫禁城三十作,唐炜杰,2024,重庆出版社,https://book.douban.com/subject/36874512/
9787532793716,刽子手之歌,[美]诺曼·梅勒,2024,上海译文出版社,https://book.douban.com/subject/36809185/
9787574901100,如风似璧,张欣,2024,花城出版社,https://book.douban.com/subject/36809297/
9787020151806,刀锋,[英]毛姆,2020,人民文学出版社,https://book.douban.com/subject/33430679/
9787559482525,七叶树,东坡柚,2024,江苏凤凰文艺出版社,https://book.douban.com/subject/36809654/
9787539964799,机器人短篇全集,[美]艾萨克·阿西莫夫,2014,江苏文艺出版社,https://book.douban.com/subject/24882289/
9787573011749,残虐记,[日]桐野夏生,2023,海南出版社,https://book.douban.com/subject/36429008/
9787514521702,呼救,[美]史黛西·威林厄姆,2024,中国致公出版社,https://book.douban.com/subject/36614100/
9787559863522,夜母,[美国]蕾切尔·约德,2024,广西师范大学出版社,https://book.douban.com/subject/36548764/
9787513317153,帷幕,[英]阿加莎·克里斯蒂,2015,新星出版社,https://book.douban.com/subject/26292535/
9787513355940,未弃之物,[波兰]马尔钦·维哈,2024,新星出版社,https://book.douban.com/subject/36827871/
9787020147281,人鼠之间,[美]约翰·斯坦贝克,2019,人民文学出版社,https://book.douban.com/subject/30388871/
9787559673855,放浪记,[日]林芙美子,2024,北京联合出版公司,https://book.douban.com/subject/36746353/
9787573505637,有人想要你的影子,[印度]梅加·马宗达,2024,南海出版公司,https://book.douban.com/subject/36779788/
9787559607959,信,[日]东野圭吾,2020,北京联合出版公司,https://book.douban.com/subject/35076023/
9787559826398,光明共和国,[西]安德烈斯·巴尔瓦,2020,广西师范大学出版社,https://book.douban.com/subject/34978587/
9787549567027,生活与命运,[俄罗斯]瓦西里·格罗斯曼,2015,广西师范大学出版社,https://book.douban.com/subject/26394018/
9787532779789,铜钟案,[荷]高罗佩,2019,上海译文出版社,https://book.douban.com/subject/30457505/
9787549586547,鱼王,(俄罗斯)维克托·阿斯塔菲耶夫,2017,广西师范大学出版社,https://book.douban.com/subject/26853356/
9787521748390,我们生活在南京,天瑞说符,2022,中信出版社,https://book.douban.com/subject/36126737/
9787536097278,我不是潘金莲,刘震云,2022,花城出版社,https://book.douban.com/subject/36061268/
9787530213827,亲爱的生活,[加]艾丽丝·门罗,2014,北京十月文艺出版社,https://book.douban.com/subject/25870629/
9787532172788,大师和玛格丽特,(苏)布尔加科夫,2019,上海文艺出版社,https://book.douban.com/subject/34455885/
9787530218617,红玫瑰与白玫瑰,张爱玲,2019,北京十月文艺出版社,https://book.douban.com/subject/30294358/
9787208142923,指匠,[英]萨拉·沃特斯,2017,上海人民出版社,https://book.douban.com/subject/26952166/
9787532183319,千里江山图,孙甘露,2022,上海文艺出版社,https://book.douban.com/subject/35897992/
9787020185153,东北故事集,迟子建,2024,人民文学出版社,https://book.douban.com/subject/36717432/
9787540485337,山茶文具店,[日]小川糸,2018,湖南文艺出版社,https://book.douban.com/subject/28656614/
9787532188758,光从哪里来,远子,2024,上海文艺出版社,https://book.douban.com/subject/36586867/
9787201138602,白蛇,严歌苓,2018,天津人民出版社,https://book.douban.com/subject/30329121/
9787542664051,冬泳,班宇,2018,上海三联书店,https://book.douban.com/subject/30362170/
9787559620446,《大江大河》四部曲,阿耐,2018,读客文化,https://book.douban.com/subject/30264380/
9787020183517,庆余年·第十四卷：朝天子,猫腻,2023,人民文学出版社,https://book.douban.com/subject/36654197/
9787510881145,网内人,陈浩基,2019,九州出版社,https://book.douban.com/subject/34262174/
9789865284930,紹宋01,榴彈怕水,2021,紹宋,https://book.douban.com/subject/36687254/
9787020159055,庆余年·第三卷：北海有雾,猫腻,2019,人民文学出版社,https://book.douban.com/subject/34917883/
9787532785056,证言,[加拿大]玛格丽特·阿特伍德,2020,上海译文出版社,https://book.douban.com/subject/35081845/
9787559477118,最后的天鹅,风荷游月,2023,江苏凤凰文艺出版社,https://book.douban.com/subject/36556708/
9787539655239,城中之城,滕肖澜,2009,安徽文艺出版社,https://book.douban.com/subject/33411877/
9787559675873,凛冬之罪,岳勇,2024,北京联合出版公司,https://book.douban.com/subject/36852786/
9787532794577,梦宫,[阿尔巴尼亚]伊斯玛依尔·卡达莱,2024,上海译文出版社,https://book.douban.com/subject/36787475/
9787573011732,骗子家族,[日]道尾秀介,2023,海南出版社,https://book.douban.com/subject/36427040/
9787532794584,破碎的四月,[阿尔巴尼亚]伊斯玛依尔·卡达莱,2024,上海译文出版社,https://book.douban.com/subject/36787541/
9787572611131,星期一，喝抹茶,[日]青山美智子,2023,湖南文艺出版社,https://book.douban.com/subject/36361902/
9787530223192,人生海海,麦家,2023,北京十月文艺出版社,https://book.douban.com/subject/36478314/
9787530217061,人生,路遥,2020,北京十月文艺出版社,https://book.douban.com/subject/34953363/
9787122376770,99%诱拐,[日]冈岛二人,2020,化学工业出版社,https://book.douban.com/subject/35217275/
9787530223420,隐身衣,格非,2024,北京十月文艺出版社,https://book.douban.com/subject/36715159/
9787532753451,远山淡影,[英]石黑一雄,2011,上海译文出版社,https://book.douban.com/subject/5988624/
9787544713986,金色梦乡,[日]伊坂幸太郎,2010,译林出版社,https://book.douban.com/subject/5038409/
9787505757318,我杀死的男人回来了,[韩]黄世鸢,2024,中国友谊出版公司,https://book.douban.com/subject/36628429/
9787559479945,名利场,[英]威廉·萨克雷,2024,江苏凤凰文艺出版社,https://book.douban.com/subject/36595845/
9787573505736,希望庄,[日]宫部美雪,2023,南海出版公司,https://book.douban.com/subject/36497573/
9787559427434,局外人,[法]阿尔贝·加缪,2019,江苏凤凰文艺出版社,https://book.douban.com/subject/30468519/
9787532749003,月亮和六便士,[英]毛姆,2009,上海译文出版社,https://book.douban.com/subject/4123116/
9787538755961,河边的错误,余华,2018,时代文艺出版社,https://book.douban.com/subject/27606107/
9787020133369,古船,张炜,2021,人民文学出版社,https://book.douban.com/subject/27127488/
9787208135505,我脑袋里的怪东西,[土耳其]奥尔罕·帕慕克,2016,上海人民出版社,https://book.douban.com/subject/26701959/
9787563397631,纽约客,白先勇,2010,广西师范大学出版社,https://book.douban.com/subject/5337243/
9787532189410,超级玛丽历险记,陈润庭,2024,上海文艺出版社,https://book.douban.com/subject/36860221/
9787544275590,苦妓回忆录,加西亚·马尔克斯,2015,南海出版公司,https://book.douban.com/subject/26276279/
9787572225420,形影不离,[法]西蒙娜·德·波伏瓦,2022,浙江教育出版社,https://book.douban.com/subject/35713872/
9787218170220,夜奔,苏生,2024,广东人民出版社,https://book.douban.com/subject/36697124/
9787573503053,白鸟与蝙蝠,[日本]东野圭吾,2023,南海出版公司,https://book.douban.com/subject/36074757/
9787541166792,无人逝去,[日]白井智之,2023,四川文艺出版社,https://book.douban.com/subject/36435335/
9787500884019,大狗,常小琥,2024,中国工人出版社,https://book.douban.com/subject/36894139/
9787513312103,第七天,余华,2013,新星出版社,https://book.douban.com/subject/24540864/
9787550213524,一个人的朝圣,[英]蕾秋·乔伊斯,2013,北京联合出版公司,https://book.douban.com/subject/24934182/
9787513355988,石头，剪刀，布,[英]爱丽丝·芬尼,2024,新星出版社,https://book.douban.com/subject/36829738/
9787532750320,押沙龙，押沙龙！,[美]威廉·福克纳,2010,上海译文出版社,https://book.douban.com/subject/4619135/
9787544711302,傲慢与偏见,简•奥斯丁(JaneAusten),2010,译林出版社,https://book.douban.com/subject/4881639/
9787530221426,清洁女工手册,[美]露西亚·伯林,2021,北京十月文艺出版社,https://book.douban.com/subject/35519947/
9787802259812,橘子不是唯一的水果,[英]珍妮特·温特森,2010,新星出版社,https://book.douban.com/subject/4882159/
9787220118906,桶川跟踪狂杀人事件,[日]清水洁,2021,四川人民出版社,https://book.douban.com/subject/35094680/
9787532175505,赤朽叶家的传说,[日]樱庭一树,2020,上海文艺出版社,https://book.douban.com/subject/34996428/
9787544787932,本巴,刘亮程,2022,译林出版社,https://book.douban.com/subject/35684638/
9787513334334,犹大之窗,[美]约翰·迪克森·卡尔,2019,新星出版社,https://book.douban.com/subject/30441962/
9787513356145,时间的女儿,[英]约瑟芬·铁伊,2024,新星出版社,https://book.douban.com/subject/36831765/
9787544284981,环界1,[日]铃木光司,2017,南海出版公司,https://book.douban.com/subject/26861459/
9787550184497,地球上最后的敲门声,[美]弗雷德里克·布朗,2024,南方出版社,https://book.douban.com/subject/36700767/
9787513348171,大诱拐,[日]天藤真,2022,新星出版社,https://book.douban.com/subject/35783275/
9787516927694,女仆的秘密,[美]弗雷达·麦克法登,2024,华龄出版社,https://book.douban.com/subject/36897641/
9787222224926,无条件投降博物馆,[荷]杜布拉夫卡·乌格雷西奇,2024,云南人民出版社,https://book.douban.com/subject/36668331/
9787513315340,余生皆假期,[日]伊坂幸太郎,2015,新星出版社,https://book.douban.com/subject/25892399/
9787513320917,水车馆事件,[日]绫辻行人,2016,新星出版社,https://book.douban.com/subject/26771723/
9787521752113,床，沙发，我的人生,[法]罗曼·莫内里,2023,中信出版集团,https://book.douban.com/subject/36243264/
9787532757459,海浪,[英]弗吉尼亚·伍尔夫,2012,上海译文出版社,https://book.douban.com/subject/10605850/
9787513307741,异邦骑士,[日]岛田庄司,2012,新星出版社,https://book.douban.com/subject/11501902/
9787541167614,草迷宫,[日]泉镜花,2024,四川文艺出版社,https://book.douban.com/subject/36744215/
9787517148111,永不结束的夏天,赛西娅,2024,中国言实出版社,https://book.douban.com/subject/36913552/
9787530209578,人生,路遥,2009,北京十月文艺出版社,https://book.douban.com/subject/3803820/
9787530217559,假面山庄,[日]东野圭吾,2018,北京十月文艺出版社,https://book.douban.com/subject/27200261/
9787020117956,四世同堂,老舍,2018,人民文学出版社,https://book.douban.com/subject/30247696/
9787513344456,关键词是谋杀,[英国]安东尼·霍洛维茨,2021,新星出版社,https://book.douban.com/subject/35425102/
9787559674838,千面凡夫,邱卓,2024,北京联合出版公司,https://book.douban.com/subject/36801510/
9787513353274,贪婪之羊,[日]美轮和音,2023,新星出版社,https://book.douban.com/subject/36572205/
9787538772166,河边的错误,余华,2023,时代文艺出版社,https://book.douban.com/subject/36441149/
9787555227069,鬼吹灯1：精绝古城,天下霸唱,2016,青岛出版社,https://book.douban.com/subject/26676577/
9787532189441,堂吉诃德,[西]塞万提斯,2024,上海文艺出版社,https://book.douban.com/subject/36764651/
9787544791083,德米安:彷徨少年时,[德]赫尔曼·黑塞,2022,译林出版社,https://book.douban.com/subject/35947071/
9787544791540,悉达多,[德]赫尔曼·黑塞,2022,译林出版社,https://book.douban.com/subject/35947073/
9787544779364,你一生的故事,[美]特德·姜,2019,译林出版社,https://book.douban.com/subject/34672178/
9787530219300,解密,麦家,2019,北京十月文艺出版社,https://book.douban.com/subject/34836248/
9787553529790,熊猫骑士,钟声礼,2024,上海文化出版社,https://book.douban.com/subject/36868159/
9787544722292,如果在冬夜，一个旅人,[意]伊塔洛·卡尔维诺,2012,译林出版社,https://book.douban.com/subject/10555535/
9787544285643,圣女的救济,[日]东野圭吾,2017,南海出版公司,https://book.douban.com/subject/26906797/
9787550297685,步履不停,[日]是枝裕和,2017,北京联合出版公司,https://book.douban.com/subject/26963321/
9787534618727,草房子,曹文轩,2009,江苏少年儿童出版社,https://book.douban.com/subject/1052990/
9787544714860,绿山墙的安妮,（加）露西·莫德·蒙哥马利,2010,译林出版社,https://book.douban.com/subject/5378433/
9787505756359,多余人,[南非]达蒙·加尔格特,2023,磨铁·大鱼读品,https://book.douban.com/subject/36378758/
9787208113411,恶童日记（珍藏纪念版）,[匈牙利]雅歌塔·克里斯多夫,2013,上海人民出版社,https://book.douban.com/subject/24089492/
9787550230415,失乐园,[日]渡边淳一,2014,北京联合出版公司,https://book.douban.com/subject/25891771/
9787541159817,精神与爱欲,[德]赫尔曼·黑塞,2021,四川文艺出版社,https://book.douban.com/subject/35492879/
9787539964805,地海传奇1,[美]厄休拉·勒古恩,2013,江苏文艺出版社,https://book.douban.com/subject/24882304/
9787532756483,羊男的圣诞节,(日)村上春树,2012,上海译文出版社,https://book.douban.com/subject/6952336/
9787513315371,有翼之暗,[日]麻耶雄嵩,2014,新星出版社,https://book.douban.com/subject/25892396/
9787223361835,冰与火之歌,[美]乔治·R.R.马丁,2013,重庆出版社,https://book.douban.com/subject/25826936/
9784062990417,虹の歯ブラシ上木らいち発散,早坂吝,2015,上木らいち「援交探偵」系列,https://book.douban.com/subject/26285818/
9787540496791,日蚀,[美]斯蒂芬·金,2020,湖南文艺出版社,https://book.douban.com/subject/35084590/
9787532189151,纷纷水火,林戈声,2024,上海文艺出版社,https://book.douban.com/subject/36728470/
9787020068814,问苍茫,曹征路,2009,人民文学出版社,https://book.douban.com/subject/3578454/
9787532293445,大哥（下）,Priest,2016,上海人民美术出版社,https://book.douban.com/subject/26778494/
9787020136759,编舟记,[日]三浦紫苑,2018,人民文学出版社,https://book.douban.com/subject/27663281/
9787541157226,一个叫欧维的男人决定去死,[瑞典]弗雷德里克·巴克曼,2020,四川文艺出版社,https://book.douban.com/subject/35068894/
9787559445940,将进酒,唐酒卿,2020,江苏凤凰文艺出版社,https://book.douban.com/subject/35003415/
9787020121717,末日愚者,[日]伊坂幸太郎,2017,人民文学出版社,https://book.douban.com/subject/26909777/
9787020135417,酒徒,刘以鬯,2018,人民文学出版社,https://book.douban.com/subject/27204808/
9787532783663,漫长的告别,[美]雷蒙德·钱德勒,2020,上海译文出版社,https://book.douban.com/subject/34970873/
9787532762880,恶棍列传,[阿根廷]豪·路·博尔赫斯,2015,上海译文出版社,https://book.douban.com/subject/25796066/
9787530688175,骗局,[英]史蒂夫·卡瓦纳,2024,百花文艺出版社,https://book.douban.com/subject/36839024/
9787544798587,逃离未来,(日)小林泰三,2023,译林出版社,https://book.douban.com/subject/36511604/
9784864109826,変な家2,雨穴,2023,変な家,https://book.douban.com/subject/36685230/
9787020170173,庆余年·第七卷：满城白霜,猫腻,2021,人民文学出版社,https://book.douban.com/subject/35431214/
9787572611971,长夜难明（修订新版）,紫金陈,2023,湖南文艺出版社,https://book.douban.com/subject/36414271/
9787513320993,家鸭与野鸭的投币式寄物柜,[日]伊坂幸太郎,2016,新星出版社,https://book.douban.com/subject/26780574/
9787544260817,你往何处去,[波兰]亨里克·显克维奇,2013,南海出版公司,https://book.douban.com/subject/19964969/
9787533972622,莫比乌斯的圈套,轩弦,2024,浙江文艺出版社,https://book.douban.com/subject/36447333/
9787532293438,大哥（上）,Priest,2016,上海人民美术出版社,https://book.douban.com/subject/26780911/
9787513352413,星之创造者,[日]谷甲州,2024,新星出版社,https://book.douban.com/subject/36480388/
9787535486707,手机,刘震云,2016,长江文艺出版社,https://book.douban.com/subject/26879919/
9787535469403,故乡天下黄花,刘震云,2016,长江文艺出版社,https://book.douban.com/subject/26879921/
9787547743416,密室狂乱时代的孤岛事件,[日]鸭崎暖炉,2023,北京日报出版社,https://book.douban.com/subject/36579654/
9787543898752,无证之罪,紫金陈,2018,湖南人民出版社,https://book.douban.com/subject/25799686/
9787219002735,东北往事--黑道风云20年全集,孔二狗,2009,重庆出版社,https://book.douban.com/subject/27077677/
9787600617081,1Q84（全三册）,村上春树,2011,南海出版公司,https://book.douban.com/subject/10529920/
9787532156825,海风中失落的血色馈赠,[加拿大]阿利斯泰尔·麦克劳德,2015,上海文艺出版社,https://book.douban.com/subject/26357614/
9787536481077,带上她的眼睛,刘慈欣,2015,四川科学技术出版社,https://book.douban.com/subject/26423329/
9787513311939,藏书室女尸之谜,[英]阿加莎·克里斯蒂,2013,新星出版社,https://book.douban.com/subject/24358966/
9787513355841,银河边缘018：啊，火星,杨枫主编,2024,新星出版社,https://book.douban.com/subject/36810838/
9787559628435,天蓝色的彼岸,[英]亚历克斯·希勒/著,2019,北京联合出版公司,https://book.douban.com/subject/30421137/
9787521221015,野狐岭,雪漠,2024,作家出版社,https://book.douban.com/subject/36713224/
9787541154218,一个叫欧维的男人,[瑞典]弗雷德里克·巴克曼,2019,四川文艺出版社,https://book.douban.com/subject/33436278/
9787513342094,星之继承者,[英]詹姆斯·P.霍根,2021,新星出版社,https://book.douban.com/subject/35271451/
9787532793723,孤独故事集,[美]娜塔莉·伊芙·加勒特,2024,上海译文出版社,https://book.douban.com/subject/36778860/
9787020139910,呼兰河传,萧红,2018,人民文学出版社,https://book.douban.com/subject/30749561/
9787572601514,蜗牛食堂,[日]小川糸,2021,湖南文艺出版社,https://book.douban.com/subject/35473612/
9787559852557,激情耗尽,[英]薇塔·萨克维尔-韦斯特,2022,广西师范大学出版社,https://book.douban.com/subject/36091374/
9787544211765,许三观卖血记,余华,1998,南海出版公司,https://book.douban.com/subject/1029791/
9787532183661,冬泳,班宇,2023,上海文艺出版社,https://book.douban.com/subject/36124346/
9787513312912,底牌,[英]阿加莎·克里斯蒂,2013,新星出版社,https://book.douban.com/subject/24852594/
9787540482855,风起陇西,马伯庸,2017,湖南文艺出版社,https://book.douban.com/subject/27113800/
9787305204784,焚舟纪,[英]安吉拉·卡特,2019,南京大学出版社,https://book.douban.com/subject/30259677/
9787532790128,蝇王,[英]威廉·戈尔丁,2022,上海译文出版社,https://book.douban.com/subject/35764764/
9787521764154,如意故事集,万玛才旦编译,2024,中信出版社,https://book.douban.com/subject/36780612/
9787532759675,生命，宇宙以及一切,(英)道格拉斯·亚当斯,2013,上海译文出版社,https://book.douban.com/subject/19938026/
9787020158911,失踪的人,[奥地利]弗朗茨·卡夫卡,2021,人民文学出版社,https://book.douban.com/subject/34913213/
9787532779642,湖滨案,[荷]高罗佩,2019,上海译文出版社,https://book.douban.com/subject/30457506/
9787020183678,子弹头列车,[加]邓敏灵,2024,人民文学出版社,https://book.douban.com/subject/36683644/
9787221173836,每一句话语都坐着别的眼睛,[德]赫塔·米勒,2023,贵州人民出版社,https://book.douban.com/subject/36249596/
9787513346887,华丽人生,[日]伊坂幸太郎,2021,新星出版社,https://book.douban.com/subject/35602671/
9787020102761,堂吉诃德,[西]塞万提斯,2015,人民文学出版社,https://book.douban.com/subject/25837852/
9787530209554,平凡的世界（全三册）,路遥,2009,北京十月文艺出版社,https://book.douban.com/subject/3523041/
9787530217948,绿毛水怪,王小波,2018,北京十月文艺出版社,https://book.douban.com/subject/30163860/
9787572249037,不便的便利店,[韩]金浩然,2023,浙江教育出版社,https://book.douban.com/subject/36193372/
9787559852335,月海与游梦人,[日本]夏目漱石,2023,广西师范大学出版社,https://book.douban.com/subject/36062363/
9787020049332,芙蓉镇,古华,2005,人民文学出版社,https://book.douban.com/subject/1200843/
9787506365673,现实一种,余华,2008,作家出版社,https://book.douban.com/subject/20406553/
9787544299763,彷徨之刃,[日]东野圭吾,2021,南海出版公司,https://book.douban.com/subject/35440306/
9787020185009,心归故里,[美]赛珍珠,2024,人民文学出版社,https://book.douban.com/subject/36718628/
9787559862310,雅各布·冯·贡腾,[瑞士]罗伯特·瓦尔泽,2023,广西师范大学出版社,https://book.douban.com/subject/36501197/
9787508638249,第三时效,(日)横山秀夫,2013,中信出版社,https://book.douban.com/subject/21324173/
9787020124947,米德尔马契,[英]乔治·爱略特,2018,人民文学出版社,https://book.douban.com/subject/26986888/
9787533925000,幻影书,[美]保罗·奥斯特,2007,浙江文艺出版社,https://book.douban.com/subject/2214350/
9787540490874,三国配角演义,马伯庸,2019,湖南文艺出版社,https://book.douban.com/subject/30460536/
9787544280662,沉默的巡游,[日]东野圭吾,2020,南海出版公司,https://book.douban.com/subject/34786086/
9787532790227,美丽的世界，你在哪里,[爱尔兰]萨莉·鲁尼,2022,上海译文出版社,https://book.douban.com/subject/35802030/
9787544784429,金鸡,[墨西哥]胡安·鲁尔福,2021,译林出版社,https://book.douban.com/subject/35310695/
9787544716888,奇风岁月,罗伯特•麦卡蒙,2011,译林出版社,https://book.douban.com/subject/6016234/
9787532793334,坦白,[意]多梅尼科·斯塔尔诺内,2024,上海译文出版社,https://book.douban.com/subject/36687173/
9787559642370,遗忘者,法医秦明,2020,北京联合出版公司,https://book.douban.com/subject/35114589/
9787557032425,这个世界，别的夜晚,裴洪正,2024,广东旅游出版社,https://book.douban.com/subject/36884125/
9787539971452,吉祥纹莲花楼（完美典藏版）,藤萍,2014,江苏文艺出版社,https://book.douban.com/subject/25846270/
9787020073887,务虚笔记,史铁生,2011,人民文学出版社,https://book.douban.com/subject/6425901/
9787020135134,监视,[日]松本清张,2018,人民文学出版社,https://book.douban.com/subject/27189928/
9787522523583,强风吹拂,[日]三浦紫苑,2023,九州出版社,https://book.douban.com/subject/36622831/
9787208112025,地球上最后的夜晚,罗贝托·波拉尼奥,2013,上海人民出版社,https://book.douban.com/subject/20501761/
9787532753659,远大前程,[英]狄更斯,2011,上海译文出版社,https://book.douban.com/subject/6313476/
9787229183332,运河变,余威,2024,重庆出版社,https://book.douban.com/subject/36820676/
9787513324168,四魔头,[英]阿加莎·克里斯蒂,2017,新星出版社,https://book.douban.com/subject/26924831/
9787544726450,乞力马扎罗的雪,[美国]欧内斯特·海明威,2012,译林出版社,https://book.douban.com/subject/10541070/
9787574900233,坚韧之石,[法]阿提克·拉希米,2024,花城出版社,https://book.douban.com/subject/36558994/
9787020138784,城南旧事（教育部统编《语文》推荐阅读丛书）,林海音,2018,人民文学出版社,https://book.douban.com/subject/30824887/
9787532793464,我该走了吗,[美]李翊云,2023,上海译文出版社,https://book.douban.com/subject/36625151/
9787573502711,GOTH断掌事件,[日]乙一,2022,南海出版公司,https://book.douban.com/subject/36035673/
9787532523337,中国小说史略,鲁迅,1998,上海古籍出版社,https://book.douban.com/subject/1203363/
9787540701758,受戒,汪曾祺,1987,漓江出版社,https://book.douban.com/subject/1760432/
9787530223598,坡地手记,何大草,2024,北京十月文艺出版社,https://book.douban.com/subject/36855479/
9787210095002,刀锋,[英]毛姆,2017,江西人民出版社,https://book.douban.com/subject/27123582/
9787547746332,玻璃之锤,[日]贵志祐介,2023,北京日报出版社,https://book.douban.com/subject/36462589/
9787513335287,无人生还,[英]阿加莎·克里斯蒂,2019,新星出版社,https://book.douban.com/subject/30466192/
9787020127894,围城,钱锺书,2017,人民文学出版社,https://book.douban.com/subject/27070488/
9787544745727,恨，友谊，追求，爱情，婚姻,(加)艾丽丝·门罗,2013,译林出版社,https://book.douban.com/subject/25747871/
9787547739525,鳄鱼手记,邱妙津,2021,北京日报出版社,https://book.douban.com/subject/35512887/
9787572616655,十七岁少女失踪事件,花潘,2024,湖南文艺出版社,https://book.douban.com/subject/36790859/
9787020017164,悲惨世界（上中下）,[法]雨果,1992,人民文学出版社,https://book.douban.com/subject/1205054/
9787521764123,坏家伙们,九滴水,2024,中信出版集团,https://book.douban.com/subject/36856725/
9787108034731,巨流河,齐邦媛,2010,生活·读书·新知三联书店,https://book.douban.com/subject/4842446/
9787513306782,斜屋犯罪,[日]岛田庄司,2012,新星出版社,https://book.douban.com/subject/10740772/
9787540246730,沉思,[奥地利]弗朗茨·卡夫卡,2021,北京燕山出版社,https://book.douban.com/subject/35218473/
9787555914952,复明症漫记,[葡]若泽·萨拉马戈,2023,河南文艺出版社,https://book.douban.com/subject/36234534/
9787218173863,我在上海开出租,黑桃,2024,广东人民出版社,https://book.douban.com/subject/36759005/
9787229184667,超凡觉醒：AI创世,任彧,2024,重庆出版社,https://book.douban.com/subject/36791963/
9787500652045,城南旧事,林海音文,2003,中国青年出版社,https://book.douban.com/subject/1254588/
9787544784344,其主之声,[波]斯坦尼斯瓦夫·莱姆,2021,译林出版社,https://book.douban.com/subject/35268281/
9787569066906,赛博遗产,九伏,2024,四川大学出版社,https://book.douban.com/subject/36759691/
9787020128495,体育馆之谜,[日]青崎有吾,2017,人民文学出版社,https://book.douban.com/subject/27054451/
9787559478207,沙丘,[美]弗兰克·赫伯特,2024,江苏凤凰文艺出版社,https://book.douban.com/subject/36497590/
9787544728669,毛姆短篇小说精选集,[英]威廉·萨默塞特·毛姆,2012,译林出版社,https://book.douban.com/subject/10774752/
9787201091747,呼兰河传,萧红,2015,天津人民出版社,https://book.douban.com/subject/26372408/
9787201077635,了不起的盖茨比,弗朗西斯•司各特•菲兹杰拉德(FrancisScottFitzgerald),2013,天津人民出版社,https://book.douban.com/subject/20507368/
9787513325318,牙医谋杀案,[英]阿加莎·克里斯蒂,2017,新星出版社,https://book.douban.com/subject/26962860/
9787572611216,女人们的谎言,[俄]柳德米拉·乌利茨卡娅,2024,湖南文艺出版社,https://book.douban.com/subject/36368225/
9787513335744,世界杂货店,[美]罗伯特·谢克里,2019,新星出版社,https://book.douban.com/subject/33451968/
9787544786829,喂——出来,[日本]星新一,2021,译林出版社,https://book.douban.com/subject/35450962/
9787532741601,象棋的故事,[奥]斯蒂芬·茨威格,2007,上海译文出版社,https://book.douban.com/subject/2158684/
9787532187188,走仔,黄守昙,2024,上海文艺出版社,https://book.douban.com/subject/36906255/
9787559868404,长夜行,[法]路易-费迪南·塞利纳,2024,广西师范大学出版社,https://book.douban.com/subject/36827878/
9787544275606,礼拜二午睡时刻,[哥伦比亚]加西亚·马尔克斯,2015,南海出版公司,https://book.douban.com/subject/26276923/
9787521211696,世界上所有的夜晚,迟子建,2021,作家出版社,https://book.douban.com/subject/35616237/
9787532777631,且听风吟,[日]村上春树,2018,上海译文出版社,https://book.douban.com/subject/30144098/
9787551168922,克苏鲁神话Ⅴ,[美]H.P.洛夫克拉夫特,2024,花山文艺出版社,https://book.douban.com/subject/36698209/
9787532777938,莫失莫忘,[英]石黑一雄,2018,上海译文出版社,https://book.douban.com/subject/30181685/
9787572610417,国画,王跃文,2023,湖南文艺出版社,https://book.douban.com/subject/36468878/
9787900516176,三体1,刘慈欣,2018,三体,https://book.douban.com/subject/35092665/
9787532184422,宛转环,慕明,2023,上海文艺出版社,https://book.douban.com/subject/36075900/
9787513302265,D坂杀人事件,[日]江户川乱步,2011,新星出版社,https://book.douban.com/subject/6060436/
9787549640348,第四扇门,[法]保罗·霍尔特,2023,文汇出版社,https://book.douban.com/subject/36403723/
9787521223101,羌村,雪漠,2023,作家出版社,https://book.douban.com/subject/36403724/
9787532771356,玫瑰的名字,[意]翁贝托·埃科,2020,上海译文出版社,https://book.douban.com/subject/26704404/
9787559465399,红与黑,[法]司汤达,2022,江苏凤凰文艺出版社,https://book.douban.com/subject/35781152/
9787506360876,陆犯焉识,严歌苓,2011,作家出版社,https://book.douban.com/subject/6880158/
9787208133211,我的名字叫红,[土耳其]奥尔罕·帕慕克,2016,上海人民出版社,https://book.douban.com/subject/26639310/
9787533972554,家乡博物馆,(德)西格弗里德·伦茨,2024,浙江文艺出版社,https://book.douban.com/subject/36437492/
9787208111691,荒野侦探,[智利]罗贝托·波拉尼奥,2013,上海人民出版社,https://book.douban.com/subject/21855881/
9787548860617,渡海记,丁小龙,2024,济南出版社,https://book.douban.com/subject/36787438/
9787508656663,小说课（壹）,许荣哲,2016,中信出版社,https://book.douban.com/subject/26738797/
9787513321181,黑猫馆事件,[日]绫辻行人,2016,新星出版社,https://book.douban.com/subject/26771722/
9787513320948,人偶馆事件,[日]绫辻行人,2016,新星出版社,https://book.douban.com/subject/26771724/
9787513331050,死亡草,[英]阿加莎·克里斯蒂,2018,新星出版社,https://book.douban.com/subject/30245148/
9787532794256,远山淡影,[英]石黑一雄,2023,上海译文出版社,https://book.douban.com/subject/36536777/
9787544298476,白鸟坠入密林,贝客邦,2022,南海出版公司,https://book.douban.com/subject/35947034/
9787208178311,一个女人的故事,[法]安妮·埃尔诺,2022,上海人民出版社,https://book.douban.com/subject/36078195/
9787572710841,城防十六计,[英]K.J.帕克,2023,四川科学技术出版社,https://book.douban.com/subject/36504188/
9787541144288,龙头凤尾,马家辉,2016,四川文艺出版社,https://book.douban.com/subject/26870405/
9787559485434,贩卖时间的商店,[韩]金仙英,2024,江苏凤凰文艺出版社,https://book.douban.com/subject/36880494/
9780007136834,AndThenThereWereNone,AgathaChristie,2003,AgathaChristie-HarperCollins2003,https://book.douban.com/subject/1573689/
9787532794102,弗勒希,[英]弗吉尼亚·伍尔夫,2024,上海译文出版社,https://book.douban.com/subject/36799357/
9787555911425,字母表谜案,大山诚一郎,2021,河南文艺出版社,https://book.douban.com/subject/35390390/
9787532729357,一九八四·动物农场,[英]乔治·奥威尔,2003,上海译文出版社,https://book.douban.com/subject/1082387/
9787516836613,熊镇3（大结局）,[瑞典]弗雷德里克·巴克曼,2024,台海出版社,https://book.douban.com/subject/36570192/
9787559458261,爱的荒漠,[法]弗朗索瓦·莫里亚克,2021,江苏凤凰文艺出版社,https://book.douban.com/subject/35554417/
9787532764617,死屋手记,[俄]费奥多尔·陀思妥耶夫斯基,2015,上海译文出版社,https://book.douban.com/subject/25887915/
9787544736435,布登勃洛克一家,[德]托马斯·曼,2013,译林出版社,https://book.douban.com/subject/21267640/
9787513316132,五只小猪,[英]阿加莎·克里斯蒂,2014,新星出版社,https://book.douban.com/subject/25986273/
9787544282437,点与线,松本清张,2016,南海出版公司,https://book.douban.com/subject/26739950/
9787222220720,白日尽头,[德]燕妮·埃彭贝克,2023,云南人民出版社,https://book.douban.com/subject/36537692/
9787545582420,家园（大海要成为水的宝库，必须汇集所有的江河。——《萨迦格言》）,达真,2024,天地出版社,https://book.douban.com/subject/36865633/
9787547744345,恶徒的救赎,[日]高野和明,2023,北京日报出版社,https://book.douban.com/subject/36177509/
9787505740570,七根凶简,尾鱼,2017,中国友谊出版公司,https://book.douban.com/subject/27035382/
9787532791309,第六病室,[俄]契诃夫,2022,上海译文出版社,https://book.douban.com/subject/36145009/
9787513353656,深蓝的故事4,深蓝,2024,新星出版社,https://book.douban.com/subject/36636545/
9787532175697,绝对不在场证明,[日]大山诚一郎,2020,上海文艺出版社,https://book.douban.com/subject/34998167/
9787020183302,古怪的新房客,[英]玛丽·贝洛克·朗兹,2024,人民文学出版社,https://book.douban.com/subject/36636610/
9787540471842,虚无的十字架,[日]东野圭吾,2015,湖南文艺出版社,https://book.douban.com/subject/26413027/
9787532789801,生活在别处,米兰·昆德拉,2022,上海译文出版社,https://book.douban.com/subject/35914070/
9787533971113,春,[英]阿莉·史密斯,2023,浙江文艺出版社,https://book.douban.com/subject/36210736/
9787513340366,深蓝的故事2,深蓝,2020,新星出版社,https://book.douban.com/subject/35063970/
9787574901094,坚如磐石,陈宇,2024,花城出版社,https://book.douban.com/subject/36727857/
9787020159468,潘达雷昂上尉和劳军女郎,[秘鲁]马里奥·巴尔加斯·略萨,2021,人民文学出版社,https://book.douban.com/subject/34933189/
9787533971694,最后的故事,[波兰]奥尔加·托卡尔丘克,2023,浙江文艺出版社,https://book.douban.com/subject/36340130/
9787536493759,流浪地球,刘慈欣,2019,四川科学技术出版社,https://book.douban.com/subject/30443982/
9787533965822,废都,贾平凹,2021,浙江文艺出版社,https://book.douban.com/subject/35523116/
9787020175468,庆余年·第十二卷：风起蘋末,猫腻,2023,人民文学出版社,https://book.douban.com/subject/36145720/
9787544767187,麦田里的守望者,[美]J.D.塞林格,2018,译林出版社,https://book.douban.com/subject/26905152/
9787220103735,太古和其他的时间,[波兰]奥尔加·托卡尔丘克,2017,四川人民出版社,https://book.douban.com/subject/27132345/
9787513318099,灰马酒店,阿加莎·克里斯蒂,2015,新星出版社,https://book.douban.com/subject/26413662/
9787559402165,独居的一年,[美]约翰·欧文,2017,江苏凤凰文艺出版社,https://book.douban.com/subject/27036317/
9787544291224,放学后,[日]东野圭吾,2017,南海出版公司,https://book.douban.com/subject/27102207/
9787539981635,密室收藏家,[日]大山诚一郎,2017,江苏凤凰文艺出版社,https://book.douban.com/subject/26348596/
9787559444509,在暴雪时分,墨宝非宝,2020,江苏凤凰文艺出版社,https://book.douban.com/subject/34934114/
9787544282604,流星之绊,[日]东野圭吾,2016,南海出版公司,https://book.douban.com/subject/26774897/
9787544765671,黄金时代（珍藏版）,王小波,2017,译林出版社,https://book.douban.com/subject/27037152/
9787511732996,大师与玛格丽特,米·阿·布尔加科夫,2017,中央编译出版社,https://book.douban.com/subject/27069991/
9787543067028,边城,沈从文,2013,武汉出版社,https://book.douban.com/subject/25759355/
9787521758146,美人,张惠雯,2024,中信出版集团,https://book.douban.com/subject/36802185/
9787574901292,归潮,陈崇正,2024,花城出版社,https://book.douban.com/subject/36835119/
9787541153426,熊镇2,(瑞典)弗雷德里克·巴克曼,2019,四川文艺出版社,https://book.douban.com/subject/33427364/
9787806574317,海底两万里,[法国]儒尔·凡尔纳,2002,译林出版社,https://book.douban.com/subject/1085470/
9787539983356,银河帝国：基地七部曲,[美]艾萨克·阿西莫夫,2015,江苏凤凰文艺出版社,https://book.douban.com/subject/26389895/
9787020165841,刀锋,[英]毛姆,2022,人民文学出版社,https://book.douban.com/subject/35197280/
9787220119859,野猪渡河,张贵兴,2021,四川人民出版社,https://book.douban.com/subject/35197299/
9787208177642,瘟疫之夜,[土耳其]奥尔罕·帕慕克,2022,上海人民出版社,https://book.douban.com/subject/36016812/
9787522525020,骄阳似我（下）,顾漫,2024,九州出版社,https://book.douban.com/subject/36639635/
9787550230439,光明王,(美)罗杰·泽拉兹尼,2015,北京联合出版公司,https://book.douban.com/subject/25891911/
9787542665942,六里庄遗事,东东枪,2019,上海三联书店,https://book.douban.com/subject/30446684/
9787020027606,呼啸山庄,艾米莉·勃朗特,1999,人民文学出版社,https://book.douban.com/subject/1119522/
9787532760596,白夜,[俄]陀思妥耶夫斯基,2013,上海译文出版社,https://book.douban.com/subject/21993104/
9787550235120,肠子,（美）恰克·帕拉尼克,2014,北京联合出版公司,https://book.douban.com/subject/26253088/
9787201148014,福尔摩斯探案全集,[英]阿瑟·柯南·道尔,2019,天津人民出版社,https://book.douban.com/subject/34805594/
9787101164367,宋史测度,[美]刘子健,2024,中华书局,https://book.douban.com/subject/36706379/
9787559826329,聋哑时代,双雪涛,2020,广西师范大学出版社,https://book.douban.com/subject/34969942/
9787513316392,命案目睹记,[英]阿加莎·克里斯蒂,2014,新星出版社,https://book.douban.com/subject/26253719/
9787559862754,助理,[瑞士]罗伯特·瓦尔泽,2023,广西师范大学出版社,https://book.douban.com/subject/36510341/
9787544294126,毕业,[日]东野圭吾,2019,南海出版公司,https://book.douban.com/subject/30317422/
9787544294119,我杀了他,[日]东野圭吾,2019,南海出版公司,https://book.douban.com/subject/30317423/
9787530222799,快乐影子之舞,[加]艾丽丝·门罗,2023,北京十月文艺出版社,https://book.douban.com/subject/36198476/
9787020124152,故园风雨后,[英]伊夫林·沃,2018,人民文学出版社,https://book.douban.com/subject/26975428/
9787559869029,洞穴公案,秦涛,2024,广西师范大学出版社,https://book.douban.com/subject/36871374/
9787532792719,砾心,[英]阿卜杜勒拉扎克·古尔纳,2023,上海译文出版社,https://book.douban.com/subject/36413105/
9787542630544,动物庄园,乔治•奥威尔(GeorgeOrwell),2009,上海三联书店,https://book.douban.com/subject/3808982/
9787530212233,穆斯林的葬礼,霍达,2012,北京十月文艺出版社,https://book.douban.com/subject/10788580/
9787510873164,幻影书,[美]保罗·奥斯特,2018,九州出版社,https://book.douban.com/subject/30262582/
9787806070697,陆小凤传奇,古龙,2005,珠海出版社,https://book.douban.com/subject/1089512/
9787540465995,暗恋·橘生淮南,八月长安,2014,湖南文艺出版社,https://book.douban.com/subject/25829434/
9787559625212,诗人,[美]迈克尔·康奈利,2018,北京联合出版公司,https://book.douban.com/subject/30318654/
9787569949414,圣火,[美]布鲁斯·斯特林,2024,北京时代华文书局,https://book.douban.com/subject/36446386/
9787540460075,长相思,桐华,2013,湖南文艺出版社,https://book.douban.com/subject/21242062/
9787100232425,现代小说化读,[美]王鼎钧,2024,商务印书馆,https://book.douban.com/subject/36676094/
9787573500977,透明的螺旋,[日本]东野圭吾,2022,南海出版公司,https://book.douban.com/subject/35791376/
9787557027445,燎原,不问三九,2022,广东旅游出版社,https://book.douban.com/subject/36139144/
9789865710965,人渣反派自救系統上,墨香銅臭,2017,人渣反派自救系統,https://book.douban.com/subject/27075479/
9787208165663,蜘蛛女之吻,[阿根廷]曼努埃尔·普伊格,2020,上海人民出版社,https://book.douban.com/subject/35136485/
9787020183111,白夜,[俄]陀思妥耶夫斯基,2023,人民文学出版社,https://book.douban.com/subject/36611090/
9787544784252,燃烧的原野,[墨西哥]胡安·鲁尔福,2021,译林出版社,https://book.douban.com/subject/35221699/
9787544783392,鲁滨逊漂流记,[英国]丹尼尔·笛福,2020,译林出版社,https://book.douban.com/subject/35300658/
9787501602933,我亲爱的甜橙树,(巴西)若泽•毛罗•德瓦斯康塞洛斯,2010,天天出版社,https://book.douban.com/subject/4826530/
9787544784948,惨败,[波]斯坦尼斯瓦夫·莱姆,2021,译林出版社,https://book.douban.com/subject/35268282/
9787541166341,诡秘之主16,爱潜水的乌贼,2023,四川文艺出版社,https://book.douban.com/subject/36349670/
9787530223215,远海,[韩]孔枝泳,2023,北京十月文艺出版社,https://book.douban.com/subject/36480784/
9787530211151,红玫瑰与白玫瑰,张爱玲,2012,北京十月文艺出版社,https://book.douban.com/subject/10757939/
9787544752558,喧哗与骚动,[美]威廉·福克纳,2015,译林出版社,https://book.douban.com/subject/26290041/
9787201150000,贼猫,天下霸唱,2019,天津人民出版社,https://book.douban.com/subject/34809733/
9787559671691,草中鸽,[德]沃尔夫冈·克彭,2023,北京联合出版公司,https://book.douban.com/subject/36513796/
9787020185122,献给美亚的珍珠,[日]梶尾真治,2024,人民文学出版社,https://book.douban.com/subject/36743211/
9787559420053,神的九十亿个名字,[英]阿瑟·克拉克,2018,江苏凤凰文艺出版社,https://book.douban.com/subject/30222416/
9787530688137,黄粱一梦,不明眼,2024,百花文艺出版社,https://book.douban.com/subject/36874364/
9787020167364,庆余年·第六卷：江南钦差,猫腻,2021,人民文学出版社,https://book.douban.com/subject/35301707/
9787550032071,白色橄榄树,玖月晞,2019,百花洲文艺出版社,https://book.douban.com/subject/33401169/
9787550264601,古董局中局4,马伯庸,2015,北京联合出版公司,https://book.douban.com/subject/26650970/
9787559814913,堂吉诃德,[西]塞万提斯·萨维德拉,2020,广西师范大学出版社,https://book.douban.com/subject/34908576/
9787532775491,华氏451,[美]雷·布拉德伯里,2017,上海译文出版社,https://book.douban.com/subject/27077129/
9787540258405,全球高考,木苏里,2020,北京燕山出版社,https://book.douban.com/subject/35301956/
9787544264013,没有人给他写信的上校,[哥伦比亚]加西亚·马尔克斯,2013,南海出版公司,https://book.douban.com/subject/20392523/
9787559672964,巴比松大饭店,[美]保利娜·布伦,2024,北京联合出版公司,https://book.douban.com/subject/36711021/
9787532791729,珍珠,[美]约翰·斯坦贝克,2024,上海译文出版社,https://book.douban.com/subject/36744046/
9787572601033,玫瑰的故事,亦舒,2021,湖南文艺出版社,https://book.douban.com/subject/35466175/
9787541168116,慢人,[南非]J.M.库切,2024,四川文艺出版社,https://book.douban.com/subject/36646082/
9787539983295,银河帝国1：基地,[美]艾萨克·阿西莫夫,2015,江苏凤凰文艺出版社,https://book.douban.com/subject/26389900/
9787208129825,柏林谍影,[英]约翰·勒卡雷,2015,上海人民出版社,https://book.douban.com/subject/26389907/
9787208152038,横道世之介,[日]吉田修一,2018,上海人民出版社,https://book.douban.com/subject/30223812/
9787535499639,吃瓜时代的儿女们,刘震云,2017,长江文艺出版社,https://book.douban.com/subject/27176647/
9787513332262,烟囱别墅之谜,[英]阿加莎·克里斯蒂,2018,新星出版社,https://book.douban.com/subject/30322589/
9787569500684,好人难寻：奥康纳短篇小说精选集,[美]弗兰纳里·奥康纳,2018,陕西师范大学出版社,https://book.douban.com/subject/30257095/
9787521760859,弄堂里的西西弗斯,路明,2024,中信出版社,https://book.douban.com/subject/36745203/
9787530640470,呼兰河传,萧红,2005,百花文艺出版社,https://book.douban.com/subject/1060852/
9787532777686,最初的爱情，最后的仪式,[英]伊恩·麦克尤恩,2018,上海译文出版社,https://book.douban.com/subject/30159088/
9787229151423,猎魔人卷三,[波兰]安杰伊·萨普科夫斯基,2020,重庆出版社,https://book.douban.com/subject/35139963/
9787229151447,猎魔人卷四,[波兰]安杰伊·萨普科夫斯基,2020,重庆出版社,https://book.douban.com/subject/35139964/
9787506394864,苏菲的世界,[挪威]乔斯坦·贾德,2017,作家出版社,https://book.douban.com/subject/27172839/
9787544710442,当我们谈论爱情时我们在谈论什么,[美]雷蒙德·卡佛,2010,译林出版社,https://book.douban.com/subject/4010969/
9787573503022,幻梦中涌动的海,[澳]理查德·弗兰纳根,2023,南海出版公司,https://book.douban.com/subject/36451306/
9787020177400,炽焰燃烧,[美]罗恩·拉什,2023,人民文学出版社,https://book.douban.com/subject/36222073/
9787544291163,白夜行,[日]东野圭吾,2017,南海出版公司,https://book.douban.com/subject/27112607/
9787572616969,伏罪,渡十鸦,2024,湖南文艺出版社,https://book.douban.com/subject/36812110/
9787555243878,将门嫡女之定乾坤,千山茶客,2016,青岛出版社,https://book.douban.com/subject/26948956/
9787530218341,偷书贼,[澳]马库斯·苏萨克,2018,北京十月文艺出版社,https://book.douban.com/subject/30225784/
9787544264341,冷血,[美]杜鲁门·卡波特,2013,南海出版公司,https://book.douban.com/subject/20428313/
9784062990943,双蛇密室,早坂吝,2017,上木らいち「援交探偵」系列,https://book.douban.com/subject/26982004/
9787532745449,香水,[德]帕·聚斯金德,2009,上海译文出版社,https://book.douban.com/subject/3815125/
9787544261654,米格尔街,(英)V.S.奈保尔,2013,南海出版公司,https://book.douban.com/subject/21346008/
9787213095931,坡道上的家,[日]角田光代,2020,浙江人民出版社,https://book.douban.com/subject/34911983/
9787550235861,古董局中局3,马伯庸,2014,北京联合出版公司,https://book.douban.com/subject/26261240/
9787532752416,三个火枪手,（法）大仲马,2011,上海译文出版社,https://book.douban.com/subject/5388095/
9787513311748,胭脂扣,李碧华,2013,新星出版社,https://book.douban.com/subject/25737039/
9787229153809,海葵,贝客邦,2021,重庆出版社,https://book.douban.com/subject/35272690/
9787532793402,发生在徐英洞的故事,[韩]赵南柱,2023,上海译文出版社,https://book.douban.com/subject/36550760/
9787020167197,一把刀，千个字,王安忆,2021,人民文学出版社,https://book.douban.com/subject/35272826/
9787020124954,城堡,卡夫卡,2018,人民文学出版社,https://book.douban.com/subject/26986881/
9787559453273,窄门,[法]安德烈·纪德,2021,江苏凤凰文艺出版社,https://book.douban.com/subject/35273130/
9787020167098,悠悠岁月,[法]安妮·埃尔诺,2021,人民文学出版社,https://book.douban.com/subject/35273140/
9787559470560,意识上传中,[澳]格雷格·伊根,2022,江苏凤凰文艺出版社,https://book.douban.com/subject/36059593/
9787020156115,庆余年·第八卷：天下有狗,猫腻,2021,人民文学出版社,https://book.douban.com/subject/35568218/
9787532758722,天才雷普利,(美)帕特里夏·海史密斯,2012,上海译文出版社,https://book.douban.com/subject/10828409/
9787559481924,我在岛屿读书,《我在岛屿读书》节目组,2024,江苏凤凰文艺出版社,https://book.douban.com/subject/36792318/
9787532793990,梦想家彼得,[英]伊恩·麦克尤恩,2024,上海译文出版社,https://book.douban.com/subject/36748123/
9787551169615,抓落叶,(美)汤米·巴特勒,2024,花山文艺出版社,https://book.douban.com/subject/36748239/
9787549204007,哑舍,玄色,2011,长江出版社,https://book.douban.com/subject/6437880/
9787111659280,叔本华的治疗,[美]欧文·D.亚隆(IrvinD.Yalom),2021,机械工业出版社,https://book.douban.com/subject/35404964/
9787569926910,醉步男,[日]小林泰三,2019,北京时代华文书局,https://book.douban.com/subject/30359030/
9787540455958,偷影子的人,(法)马克·李维,2012,湖南文艺出版社,https://book.douban.com/subject/10763902/
9787532779840,铁钉案,[荷]高罗佩,2019,上海译文出版社,https://book.douban.com/subject/30457504/
9787532779994,迷宫案,[荷]高罗佩,2019,上海译文出版社,https://book.douban.com/subject/30457508/
9787506356169,人皮论语,冶文彪,2011,作家出版社,https://book.douban.com/subject/5390091/
9787550018464,夜旅人,赵熙之,2016,百花洲文艺出版社,https://book.douban.com/subject/26853361/
9787521226669,莫莉和森克,永城,2024,作家出版社,https://book.douban.com/subject/36848164/
9787513317030,鸽群中的猫,[英]阿加莎·克里斯蒂,2015,新星出版社,https://book.douban.com/subject/26297045/
9787569063370,造神年代,严曦,2023,四川大学出版社,https://book.douban.com/subject/36553469/
9787573208453,红楼梦脂评汇校本,[清]曹雪芹著,2023,上海古籍出版社,https://book.douban.com/subject/36553498/
9787530216194,人民的名义,周梅森,2017,北京十月文艺出版社,https://book.douban.com/subject/26952485/
9787532183166,晚春,三三,2023,上海文艺出版社,https://book.douban.com/subject/36389993/
9787532751235,茶花女,[法]小仲马,2010,上海译文出版社,https://book.douban.com/subject/5063806/
9787532788620,达洛卫夫人,[英]弗吉尼亚·伍尔夫,2022,上海译文出版社,https://book.douban.com/subject/36062383/
