isbn,title,author,year,publisher,genre
9787229185084,紫禁城三十作,唐炜杰,2024,重庆出版社,0
9787559852533,翦商,李硕,2022,广西师范大学出版社,0
9787572616099,食南之徒,马伯庸,2024,湖南文艺出版社,0
9787572608582,长安的荔枝,马伯庸,2022,湖南文艺出版社,0
9787222224933,从中国出发的全球史,葛兆光主编,2024,云南人民出版社,0
9787208187078,历史的游荡者,李硕,2024,上海人民出版社,0
9787553820385,中国历代政治得失,钱穆,2024,岳麓书社,0
9787559869012,制造亚洲,宋念申,2024,广西师范大学出版社,0
9787301204351,东晋门阀政治,田余庆,2012,北京大学出版社,0
9787801656087,明朝那些事儿（1-9）,当年明月,2009,中国海关出版社,0
9787542643216,叫魂,[美]孔飞力,2014,孔飞力著作集,0
9787108009821,万历十五年,[美]黄仁宇,1997,生活·读书·新知三联书店,0
9787540488475,显微镜下的大明,马伯庸,2019,湖南文艺出版社,0
9787545566062,弃长安,张明扬,2021,天地出版社,0
9787100234245,康熙的红票,孙立天,2024,商务印书馆,0
9787108075369,历史是扩充心量之学,王汎森,2024,生活·读书·新知三联书店,0
9787108050656,天朝的崩溃,茅海建,2014,生活·读书·新知三联书店,0
9787509763247,筚路维艰,萧冬连,2014,社会科学文献出版社,0
9787101164367,宋史测度,[美]刘子健,2024,中华书局,0
9787218166117,奔腾不息,[印]苏尼尔·阿姆瑞斯,2024,广东人民出版社,0
9787221182920,巫蛊乱长安,谭木声,2024,贵州人民出版社,0
9787229167127,饥饿的盛世,张宏杰,2022,重庆出版社,0
9787108015280,中国历代政治得失,钱穆,2001,生活·读书·新知三联书店,0
9787536079113,大明王朝1566,刘和平,2016,花城出版社,0
9787559864253,明代国家权力结构及运行机制,方志远,2024,广西师范大学出版社,0
9787208172036,祥瑞,张向荣,2021,上海人民出版社,0
9787301281482,波峰与波谷,阎步克,2017,北京大学出版社,0
9787510479106,秦亡汉兴,于朝阳,2024,新世界出版社,0
9787547740224,南明史,顾诚,2022,北京日报出版社,0
9787301350188,彼美淑令,罗新主编,2024,北京大学出版社,0
9787513356183,发现东亚,宋念申,2024,新星出版社,0
9787553820002,女主临朝,胡戟,2024,岳麓书社,0
9787508647357,人类简史,[以色列]尤瓦尔·赫拉利,2014,中信出版社,0
9787520214988,南北归一,渤海小吏,2024,中国大百科全书出版社,0
9787559867193,琐言赘语,李孝悌,2024,广西师范大学出版社,0
9787218170367,基辅罗斯,肖瑜,2024,广东人民出版社,0
9787547743126,漫长的余生,罗新,2022,北京日报出版社,0
9787221179364,明清与李朝时代,[日]岸本美绪,2024,贵州人民出版社,0
9787530675816,战国歧途,刘勃,2019,百花文艺出版社,0
9787559867285,魏晋清谈史,龚斌,2024,广西师范大学出版社,0
9787559673510,玛雅通史,[美]迈克尔·D.科,2024,北京联合出版公司,0
9787108041531,邓小平时代,【美】傅高义(Ezra.F.Vogel),2013,生活·读书·新知三联书店,0
9787513351430,入关,张明扬,2023,新星出版社,0
9787218167367,文学之冬,[德]乌维·维特施托克,2024,广东人民出版社,0
9787530677216,失败者的春秋,刘勃,2019,百花文艺出版社,0
9787521226805,钦探,周游,2024,作家出版社,0
9787521761924,欧洲之心,[英]彼得·威尔逊,2024,中信出版社,0
9787547323236,古代中国的帝国网络,[俄]马硕,2024,东方出版中心,0
9787553819624,杜甫的历史图景：盛世,王炳文,2024,岳麓书社,0
9787545577372,长城之外,(美)窦德士,2024,天地出版社,0
9787547746264,古代人的衣食住行,王磊,2024,北京日报出版社,0
9787513945448,战争、法律与现代世界的形成,[英]琳达·科利,2024,民主与建设出版社,0
9787557101176,古今之变,李礼,2024,书海出版社,0
9787203133117,六至九世纪中国政治史,黄永年,2024,山西人民出版社,0
9787573210227,高启：诗人的穷途,[美]牟复礼,2024,上海古籍出版社,0
9787100200578,重建,[美]埃里克·方纳,2024,商务印书馆,0
9787533972530,印度文明史,[美]伯顿·斯坦,2024,浙江文艺出版社,0
9787552042962,史记人物五十讲,杨鹏,2024,上海社会科学院出版社,0
9787520212311,三国争霸（上、中、下）,渤海小吏,2023,中国大百科全书出版社,0
9787559665256,大汉帝国在巴蜀,饶胜文,2023,北京联合出版公司,0
9787508653389,南京大屠杀,[美]张纯如（IrisChang）,2015,中信出版社,0
9787545549447,汴京之围,郭建龙,2019,天地出版社,0
9787208186323,流风回雪,李磊,2024,上海人民出版社,0
9787516827864,透过地理看历史,李不白,2020,台海出版社,0
9787522526027,中国龙的发明,施爱东,2024,九州出版社,0
9787509776223,历史三调,[美]柯文,2015,社会科学文献出版社,0
9787108034731,巨流河,齐邦媛,2010,生活·读书·新知三联书店,0
9787100017664,國史大綱（上下）,錢穆,2013,商务印书馆,0
9787513945202,毁灭与重生,[英]保罗·贝茨,2024,民主与建设出版社,0
9787519300203,中国通史,吕思勉,2016,群言出版社,0
9787510479342,东吴100年,握中悬璧,2024,新世界出版社,0
9787510889981,魏晋南北朝,[日]川胜义雄,2022,九州出版社,0
9787108040367,中国历代政治得失,钱穆,2012,生活·读书·新知三联书店,0
9787522527383,香料之路,[英]约翰·凯伊,2024,九州出版社,0
9787100230407,周制与秦制,冯天瑜,2024,商务印书馆,0
9787516826997,舍不得看完的中国史,渤海小吏,2020,台海出版社,0
9787542680525,凯列班与女巫,[意]西尔维娅·费代里奇,2023,上海三联书店,0
9787513353397,大宋病人,韩福东,2024,新星出版社,0
9787532171552,边界的诱惑,柏琳,2024,上海文艺出版社,0
9787513909884,中华帝国的衰落,魏斐德(FredericWakemanJr.),2017,民主与建设出版社,0
9787301204689,全球通史,(美)斯塔夫里阿诺斯,2012,北京大学出版社,0
9787221182302,王安石“强辩”考,周思成,2024,贵州人民出版社,0
9787218168845,来自英国的冬宫御医,[英]露丝·沃德,2024,广东人民出版社,0
9787513923927,棉花帝国,[美]斯文·贝克特,2019,民主与建设出版社,0
9787213111983,大变局,谌旭彬,2023,浙江人民出版社,0
9787229182427,唐代玄宗肃宗之际的中枢政局,任士英,2024,重庆出版社,0
9787101101621,万历十五年,黄仁宇,2014,中华书局,0
9787301349212,忽如远行客,曲柄睿,2024,北京大学出版社,0
9787510812675,中国历代政治得失,钱穆,2012,九州出版社,0
9787513177856,两汉风云,渤海小吏,2023,开明出版社,0
9787572610912,太白金星有点烦,马伯庸,2023,湖南文艺出版社,0
9787229170646,公主之死,李贞德,2023,重庆出版社,0
9787020184309,奶奶的菜谱,[德]卡琳娜·乌尔巴赫,2024,人民文学出版社,0
9787559602152,明朝那些事儿(增补版)(套装共9册),当年明月,2017,北京联合出版公司,0
9787559602152,明朝那些事儿（增补版）,当年明月,2021,北京联合出版公司,0
9787533970055,世说俗谈,刘勃,2023,浙江文艺出版社,0
9787559869029,洞穴公案,秦涛,2024,广西师范大学出版社,0
9787559844125,现代中国的形成（1600—1949）,李怀印,2022,广西师范大学出版社,0
9787203116592,隳三都,周思成,2021,山西人民出版社,0
9787208184756,官家的心事,吴铮强,2023,上海人民出版社,0
9787559863324,从数学到哲学,[美]王浩,2024,广西师范大学出版社,1
9787532188048,海德格尔导论,[美]理查德·波尔特,2024,上海文艺出版社,1
9787208187450,我不想保持正确,[法]米歇尔·塞尔,2024,上海人民出版社,1
9787513342919,刘擎西方现代思想讲义,刘擎,2021,新星出版社,1
9787201112695,悉达多,[德]赫尔曼·黑塞,2017,天津人民出版社,1
9787532189700,亲密关系的核心是友谊,汪民安,2024,上海文艺出版社,1
9787572616471,赞美闲散,[英]伯特兰·罗素,2024,湖南文艺出版社,1
9787305266256,法国哲学的历险,[法]阿兰·巴迪欧,2024,南京大学出版社,1
9787547323786,黑格尔入门,[德]蒂娜·埃蒙茨,2024,东方出版中心,1
9787572024474,理性的命运,弗雷德里克·拜泽尔,2024,上海教育出版社,1
9787573210623,庄子,[日]蜂屋邦夫,2024,上海古籍出版社,1
9787559632432,西方哲学史（第9版）,(美)撒穆尔·伊诺克·斯通普夫,2019,北京联合出版公司,1
9787521763140,哲学思维,[英]朱利安·巴吉尼,2024,中信出版集团,1
9787301215692,中国哲学简史,冯友兰,2013,北京大学出版社,1
9787108050984,存在与虚无,让·保罗·萨特,2014,生活·读书·新知三联书店,1
9787545219999,理性的反讽,李放春,2024,光启书局,1
9787568944342,德勒兹哲学词汇,[法]弗朗索瓦·祖拉比什维利,2024,重庆大学出版社,1
9787208187467,屏幕上的受苦者,[德]黑特·史德耶尔（HitoSteyerl）,2024,上海人民出版社,1
9787532758012,存在主义是一种人道主义,(法)让-保罗·萨特,2012,上海译文出版社,1
9787208187634,理性之蚀,[德]马克斯·霍克海默（MaxHorkheimer）,2024,上海人民出版社,1
9787100215510,柏拉图与亚里士多德,[美]阿瑟·赫尔曼,2024,商务印书馆,1
9787559660503,在绝望之巅,[法国]E·M·齐奥朗,2022,北京联合出版公司,1
9787100231947,雅克·德里达研讨班论生死,[法]帕斯卡-安娜·布勒,2024,商务印书馆,1
9787111495482,被讨厌的勇气,岸见一郎,2021,机械工业出版社,1
9787550242234,哲学家们都干了些什么?,林欣浩,2015,北京联合出版公司,1
9787573014498,点燃理性的火焰,[瑞典]克里斯特·斯图马克,2024,海南出版社,1
9787301266601,近代哲学史,[德]F.W.J.谢林,2016,北京大学出版社,1
9787201168821,幸福之路,[英]伯特兰·罗素,2021,天津人民出版社,1
9787301349366,先验唯心论体系,F.W.J.谢林,2024,北京大学出版社,1
9787100017565,理想国,[古希腊]柏拉图,1986,商务印书馆,1
9787305274138,黑太阳,[法]朱莉娅·克里斯蒂娃,2024,南京大学出版社,1
9787100210478,虚无主义,[荷兰]诺伦·格尔茨,2022,商务印书馆,1
9787532190225,雅克·拉康,吴琼,2024,上海文艺出版社,1
9787549641789,坏的哀伤，好的哀伤,[美]迈克尔·乔比,2024,文汇出版社,1
9787513306331,哲学的故事,[美]威尔·杜兰特,2013,新星出版社,1
9787547322970,费希特与谢林哲学体系的差异,[德]黑格尔,2024,东方出版中心,1
9787100235358,哲学原理,[法国]笛卡尔,2024,商务印书馆,1
9787542675880,西方哲学史讲演录,赵林,2022,上海三联书店,1
9787532186686,维特根斯坦十讲,楼巍,2023,上海文艺出版社,1
9787572616464,时代的精神状况,[德]卡尔·雅斯贝尔斯,2024,湖南文艺出版社,1
9787521764567,叙事的危机,[德]韩炳哲,2024,中信出版集团,1
9787506394864,苏菲的世界,[挪威]乔斯坦·贾德,2017,作家出版社,1
9787108050977,查拉图斯特拉如是说,(德)尼采,2014,生活·读书·新知三联书店,1
9787108050960,存在与时间,[德]马丁·海德格尔,2014,生活·读书·新知三联书店,1
9787302498872,大问题,[美]罗伯特·所罗门,2018,清华大学出版社,1
9787518412600,哲学的历程(第四版),[美]威廉·F.劳黑德,2017,中国轻工业出版社,1
9787532189281,意义的逻辑,[法]吉尔·德勒兹,2024,上海文艺出版社,1
9787559869265,维特根斯坦私人笔记1914-1916,[奥]路德维希·维特根斯坦著,2024,广西师范大学出版社,1
9787010167350,纯粹理性批判,[德]康德,2017,人民出版社,1
9787547323281,谢林与现代欧洲哲学,[英]安德鲁·鲍伊,2024,东方出版中心,1
9787305266270,资本主义现实主义,[英]马克·费舍,2024,南京大学出版社,1
9787521704693,倦怠社会,[德]韩炳哲,2019,见识城邦,1
9787121364259,有限与无限的游戏,[美]詹姆斯·卡斯,2019,电子工业出版社,1
9787576045161,认识你自己,[法]吕西安·热法尼翁,2024,华东师范大学出版社,1
9787208186873,承认还是歧义？,[德]阿克塞尔·霍耐特,2024,上海人民出版社,1
9787040396041,西方哲学史（修订版）,邓晓芒,2014,高等教育出版社,1
9787521764352,为动物的正义,[美]玛莎·C·努斯鲍姆,2024,中信出版集团,1
9787208121003,人生的智慧,[德]叔本华,2014,上海人民出版社,1
9787305259173,论技术物的存在模式,[法]吉尔贝·西蒙东,2024,南京大学出版社,1
9787513352598,逃出瓶子的精灵,[荷]戈尔·格罗特,2024,新星出版社,1
9787559617293,做哲学,[美]小西奥多·希克,2018,北京联合出版公司,1
9787559610782,存在主义咖啡馆,[英]莎拉·贝克韦尔,2017,北京联合出版公司,1
9787549558292,大问题,[美]罗伯特·所罗门,2014,广西师范大学出版社,1
9787576047882,爱欲的悲喜剧,陈斯一,2024,华东师范大学出版社,1
9787221179722,哲学的100个基本,[日]冈本裕一朗,2024,贵州人民出版社,1
9787553819891,我们活着的理由,[奥]维克多·弗兰克尔,2024,岳麓书社,1
9787567524989,僧侣与哲学家,让-弗朗索瓦•何维勒,2014,华东师范大学出版社,1
9787532189298,黑噪音、白噪音与幽灵之声,姜宇辉,2024,上海文艺出版社,1
9787100094016,会饮篇,[古希腊]柏拉图,2013,商务印书馆,1
9787521764574,时间的香气,[德]韩炳哲,2024,中信出版集团,1
9787550733923,西方哲学史讲义,周国平,2023,深圳出版社,1
9787554855560,小柏拉图·第一辑（7册）,[法]扬·马尔尚,2024,广东教育出版社,1
9787100220866,现象学入门,[丹麦]丹·扎哈维,2023,商务印书馆,1
9787208187986,辩证法导论,[德]西奥多·阿多诺著,2024,上海人民出版社,1
9787559868817,耶拿1800年,[德]彼得·诺伊曼,2024,广西师范大学出版社,1
9787522609621,沉思录,[古罗马]马可·奥勒留,2022,中国水利水电出版社,1
9787521760804,日常的深处,王小伟,2023,中信出版社,1
9787547323243,哲学的二十个夜晚,徐英瑾,2024,东方出版中心,1
9787552020946,像哲学家一样生活,[美]威廉·B．欧文,2018,上海社会科学院出版社,1
9787552043242,生活艺术,[英]齐格蒙特·鲍曼,2024,上海社会科学院出版社,1
9787101151596,道德经,老子,2022,中华书局,1
9787561795101,爱的多重奏,[法]阿兰·巴迪欧,2012,华东师范大学出版社,1
9787542683700,嫉妒与社会,[德]赫尔穆特·舍克,2024,上海三联书店,1
9787559826879,爱的知识,玛莎·努斯鲍姆,2024,广西师范大学出版社,1
9787508697086,爱欲之死,[德]韩炳哲,2019,中信出版社,1
9787522728056,维特根斯坦的哥白尼式革命,[英]伊尔哈姆·迪尔曼,2024,中国社会科学出版社,1
9787522910635,从细菌到巴赫再回来,[美]丹尼尔·丹尼特,2024,中国纺织出版社,1
9787576035728,从树到迷宫,[意]翁贝托·艾柯,2024,华东师范大学出版社,1
9787010009148,毛泽东选集第一卷,毛泽东,1991,人民出版社,1
9787542682505,反讽与现代性话语,(德)恩斯特·贝勒尔(ErnstBehler),2024,上海三联书店,1
9787229040369,禅与摩托车维修艺术,罗伯特•M.波西格(RobertM.Pirsig),2011,重庆出版社,1
9787229131548,禅与摩托车维修艺术,[美]罗伯特·M.波西格,2018,重庆出版社,1
9787100011631,伦理学,斯宾诺莎,1998,商务印书馆,1
9787100011662,作为意志和表象的世界,[德]叔本华,1982,商务印书馆,1
9787511733696,意识形态的崇高客体,[斯洛文尼亚]斯拉沃热·齐泽克,2017,中央编译出版社,1
9787200161021,在哲学中成为马克思主义者,[法]路易·阿尔都塞,2022,北京出版社,1
9787508666792,你的第一本哲学书,[美]托马斯·内格尔,2021,中信出版社,1
9787547742181,哲学家们都干了些什么？,林欣浩,2022,北京日报出版社,1
9787210071976,与神对话,[美]尼尔·唐纳德·沃尔什,2015,江西人民出版社,1
9787308074933,解体概要,[法]萧沆,2010,浙江大学出版社,1
9787521757965,巴别塔,[美]匡灵秀,2023,中信出版集团,2
9787020096695,哈利·波特,J.K.罗琳(J.K.Rowling),2008,人民文学出版社,2
9787229179533,巨龙的颂歌,屈畅,2024,重庆出版社,2
9788016014976,迷宮飯(01),九井諒子,2015,迷宮飯,2
9787539964812,地海传奇2：地海古墓,(美)厄休拉·勒古恩,2013,江苏文艺出版社,2
9787572615085,龙与地下铁,马伯庸,2024,湖南文艺出版社,2
9787544253994,百年孤独,[哥伦比亚]加西亚·马尔克斯,2011,南海出版公司,2
9787530687888,迷宫饭14,（日）九井谅子编绘,2024,百花文艺出版社,2
9787572610912,太白金星有点烦,马伯庸,2023,湖南文艺出版社,2
9787229151430,猎魔人（卷二）,[波兰]安杰伊·萨普科夫斯基,2020,重庆出版社,2
9787572710841,城防十六计,[英]K.J.帕克,2023,四川科学技术出版社,2
9787539964805,地海传奇1,[美]厄休拉·勒古恩,2013,江苏文艺出版社,2
9787223361835,冰与火之歌,[美]乔治·R.R.马丁,2013,重庆出版社,2
9787557021115,诡秘之主1,爱潜水的乌贼,2020,广东旅游出版社,2
9787229151447,猎魔人卷四,[波兰]安杰伊·萨普科夫斯基,2020,重庆出版社,2
9787229177195,V帝国,[俄]维克多·佩列文,2024,重庆出版社,2
9787539965864,地海传奇3,(美)厄休拉·勒奎恩,2013,江苏文艺出版社,2
9787572703515,弓之力,[英]K.J.帕克,2022,四川科学技术出版社,2
9787559445735,坟场之书,[英]尼尔·盖曼,2020,江苏凤凰文艺出版社,2
9787539966632,地海传奇4,(美)厄休拉·勒奎恩,2013,江苏文艺出版社,2
9787536499034,钢之色,[英]K.J.帕克,2020,四川科学技术出版社,2
9788016024456,迷宮飯(04),九井諒子,2017,迷宮飯,2
9787572600883,皮拉内西,[英国]苏珊娜·克拉克,2021,湖南文艺出版社,2
9789863565437,迷宮飯(06),九井諒子,2018,迷宮飯,2
9787807407904,盗墓笔记,南派三叔,2011,上海文化出版社,2
9787229151485,猎魔人（卷一）,[波兰]安杰伊·萨普科夫斯基,2020,重庆出版社,2
9787541166563,诡秘之主17,爱潜水的乌贼,2023,四川文艺出版社,2
9786263225985,迷宮飯(11),九井諒子,2022,迷宮飯,2
9789865127053,迷宮飯(09),九井諒子,2021,迷宮飯,2
9788016015966,迷宮飯(02),九井諒子,2015,迷宮飯,2
9787020042494,小王子,[法]圣埃克苏佩里,2003,人民文学出版社,2
9789865122119,迷宮飯(07),九井諒子,2020,迷宮飯,2
9787572705649,甲胄之殇,[英]K.J.帕克,2022,四川科学技术出版社,2
9787533946142,克苏鲁神话,[美]H.P.洛夫克拉夫特,2016,浙江文艺出版社,2
9789865124137,迷宮飯(08),九井諒子,2020,迷宮飯,2
9786263038318,迷宮飯(10),九井諒子,2022,迷宮飯,2
9787544716888,奇风岁月,罗伯特•麦卡蒙,2011,译林出版社,2
9787513328883,黑暗精灵,[美]R·A·萨尔瓦多,2017,新星出版社,2
9787539966854,地海传奇6,(美)厄休拉·勒奎恩,2014,江苏文艺出版社,2
9787530687871,迷宫饭13,（日）九井谅子编绘,2024,百花文艺出版社,2
9787536496101,紫与黑,[英]K.J.帕克,2020,四川科学技术出版社,2
9787229151423,猎魔人卷三,[波兰]安杰伊·萨普科夫斯基,2020,重庆出版社,2
9789572691175,葬送的芙莉蓮07,山田鐘人,2022,葬送的芙莉蓮,2
9787208144828,贝伦与露西恩,[英]J.R.R.托尔金著,2017,上海人民出版社,2
9787229090524,渡鸦之影Ⅰ,[英]安东尼·雷恩,2015,重庆出版社,2
9788016027914,迷宮飯(05),九井諒子,2018,迷宮飯,2
9786263405967,迷宮飯(12),九井諒子,2023,迷宮飯,2
9789572666036,葬送的芙莉蓮02,山田鐘人,2021,葬送的芙莉蓮,2
9787541166341,诡秘之主16,爱潜水的乌贼,2023,四川文艺出版社,2
9787559665539,她对此感到厌烦,妚鹤,2023,北京联合出版公司,2
9787229141035,皇帝魂,[美]布兰登·桑德森,2019,重庆出版社,2
9787020095377,哈尔的移动城堡,[英]戴安娜•韦恩•琼斯,2013,人民文学出版社,2
9787559418364,好兆头,[英]特里·普拉切特,2018,江苏凤凰文艺出版社,2
9787229158675,寻找杰克,[英]柴纳·米耶维,2023,重庆出版社,2
9789572666043,葬送的芙莉蓮03,山田鐘人,2021,葬送的芙莉蓮,2
9787229157753,第一律法:无鞘之剑,[英]乔·阿克罗比,2021,重庆出版社,2
9787544722346,分成两半的子爵,[意]伊塔洛·卡尔维诺,2012,译林出版社,2
9787551168922,克苏鲁神话Ⅴ,[美]H.P.洛夫克拉夫特,2024,花山文艺出版社,2
9789571039640,暮光之城,史蒂芬妮．梅爾,2008,暮光之城,2
9789572682487,葬送的芙莉蓮06,山田鐘人,2022,葬送的芙莉蓮,2
9787532791347,银河铁道之夜,[日]宫泽贤治,2023,上海译文出版社,2
9787532172788,大师和玛格丽特,(苏)布尔加科夫,2019,上海文艺出版社,2
9787572608933,暗狩之师:兰陵王,[日]梦枕貘,2023,湖南文艺出版社,2
9787229151454,猎魔人卷五,[波兰]安杰伊·萨普科夫斯基,2020,重庆出版社,2
9787229151461,猎魔人卷六,[波兰]安杰伊·萨普科夫斯基,2020,重庆出版社,2
9787229151478,猎魔人卷七,[波兰]安杰伊·萨普科夫斯基,2020,重庆出版社,2
9787544722797,不存在的骑士,[意]伊塔洛·卡尔维诺,2012,译林出版社,2
9787807551379,诛仙全集（全六册）,萧鼎,2008,花山文艺出版社,2
9787229150211,迷雾之子卷一,[美]布兰登·山德森,2020,重庆出版社,2
9787020065271,黄昏使者,（俄）谢尔盖·卢基扬年科,2008,人民文学出版社,2
9787547746417,这一切纯属偶然！,[日]伊坂幸太郎,2024,北京日报出版社,2
9787542669964,夜晚的潜水艇,陈春成,2020,上海三联书店,2
9787522524726,DK魔法百科,英国DK出版公司,2024,九州出版社,2
9787536493308,炼金术战争：机械人,[美]伊恩·特里吉利斯,2019,四川科学技术出版社,2
9784098608669,フールナイト1,安田佳澄,2021,フールナイト,2
9787541169380,霍比特人,[英]J.R.R.托尔金,2024,四川文艺出版社,2
9787229047221,冰与火之歌（卷一）,乔治·马丁,2012,重庆出版社,2
9787549258796,大王饶命1,会说话的肘子,2018,长江出版社,2
9789572675625,葬送的芙莉蓮04,山田鐘人,2021,葬送的芙莉蓮,2
9787802282834,九州·缥缈录Ⅲ·天下名将,江南,2007,新世界出版社,2
9787562474999,飓光志第一卷：王者之路（全三册）,(美)布兰登·桑德森,2013,重庆大学出版社,2
9787513346917,魔龙之书,[澳]乔纳森·斯特拉罕,2022,新星出版社,2
9787530687932,异兽迷城,彭湃,2024,百花文艺出版社,2
9787208133693,饕餮娘子1：桃花谣,佟婕,2016,上海人民出版社,2
9787559420039,乌有乡,[英]尼尔·盖曼,2019,江苏凤凰文艺出版社,2
9787541165412,诡秘之主14,爱潜水的乌贼,2023,四川文艺出版社,2
9787532761296,黑质三部曲,菲利普•普尔曼(PhilipPullman),2013,上海译文出版社,2
9788016020915,迷宮飯(03),九井諒子,2016,迷宮飯,2
9787544752473,你一生的故事,[美]特德·姜,2015,译林出版社,2
9787229158736,英雄,[英]乔·阿克罗比,2021,重庆出版社,2
9787208183902,托尔金传,[英]汉弗莱·卡彭特,2024,上海人民出版社,2
9787535436900,幻城,郭敬明,2008,长江文艺出版社,2
9787539966847,地海传奇5,(美)厄休拉·勒古恩,2014,江苏文艺出版社,2
9787572612312,破烂回收店,[日]小林泰三,2023,湖南文艺出版社,2
9787572612329,要来块水果塔吗？,[日]小林泰三,2023,湖南文艺出版社,2
9787541167317,诡秘之主18,爱潜水的乌贼,2023,四川文艺出版社,2
9787020043279,哈利·波特与凤凰社,[英]J.K.罗琳,2003,人民文学出版社,2
9787555913689,失明症漫记,[葡]若泽·萨拉马戈,2022,河南文艺出版社,2
9787541167744,枭起青壤,尾鱼,2024,四川文艺出版社,2
9787541165955,诡秘之主15,爱潜水的乌贼,2023,四川文艺出版社,2
9787572616099,食南之徒,马伯庸,2024,湖南文艺出版社,3
9787572610912,太白金星有点烦,马伯庸,2023,湖南文艺出版社,3
9787572608582,长安的荔枝,马伯庸,2022,湖南文艺出版社,3
9787506365437,活着,余华,2012,作家出版社,3
9787020139590,额尔古纳河右岸,迟子建,2019,人民文学出版社,3
9787516835265,明亮的夜晚,[韩]崔恩荣,2023,台海出版社,3
9787559484550,十八岁出门远行,余华,2024,江苏凤凰文艺出版社,3
9787573508775,我们八月见,[哥伦比亚]加西亚·马尔克斯,2024,南海出版公司,3
9787559641182,绝叫,[日]叶真中显,2020,北京联合出版公司,3
9787549641901,恐怖呢喃,贵志祐介,2024,文汇出版社,3
9787559640666,秋园,杨本芬,2020,北京联合出版公司,3
9787201112695,悉达多,[德]赫尔曼·黑塞,2017,天津人民出版社,3
9787536692930,三体,刘慈欣,2008,重庆出版社,3
9787536097261,一句顶一万句,刘震云,2022,花城出版社,3
9787533966102,生死疲劳,莫言,2022,浙江文艺出版社,3
9787521226805,钦探,周游,2024,作家出版社,3
9787559673848,最后一个死去的女孩,[美]哈里·多兰,2024,北京联合出版公司,3
9787229030933,三体Ⅲ,刘慈欣,2010,重庆出版社,3
9787532763696,卡拉马佐夫兄弟,[俄]费奥多尔·陀思妥耶夫斯基,2015,上海译文出版社,3
9787532148004,繁花,金宇澄,2013,上海文艺出版社,3
9787553520643,平面国,[英]埃德温·A.艾勃特,2020,上海文化出版社,3
9787549565115,献给阿尔吉侬的花束,[美]丹尼尔·凯斯,2015,广西师范大学出版社,3
9787201141527,窄门,[法]安德烈·纪德,2018,天津人民出版社,3
9787532175512,消失的13级台阶,[日]高野和明,2020,上海文艺出版社,3
9787542669964,夜晚的潜水艇,陈春成,2020,上海三联书店,3
9787532969623,涅朵奇卡,陀思妥耶夫斯基,2023,山东文艺出版社,3
9787532795161,信任,[美]埃尔南·迪亚斯,2024,上海译文出版社,3
9787573506061,唯余细节,[瑞典]伊娅·根伯格,2024,南海出版公司,3
9787544258975,霍乱时期的爱情,[哥伦比亚]加西亚·马尔克斯,2012,南海出版公司,3
9787559866936,佐丽,[美]莱尔德·亨特,2024,广西师范大学出版社,3
9787536693968,三体Ⅱ,刘慈欣,2008,重庆出版社,3
9787544253994,百年孤独,[哥伦比亚]加西亚·马尔克斯,2011,南海出版公司,3
9787020185054,暗处的女儿,[意大利]埃莱娜·费兰特,2024,人民文学出版社,3
9787530219218,人生海海,麦家,2019,北京十月文艺出版社,3
9787513353939,联愁杀,[日]西泽保彦,2024,新星出版社,3
9787544258609,白夜行,[日]东野圭吾,2013,南海出版公司,3
9787506365604,在细雨中呼喊,余华,2012,作家出版社,3
9787535439765,一句顶一万句,刘震云,2009,长江文艺出版社,3
9787559665539,她对此感到厌烦,妚鹤,2023,北京联合出版公司,3
9787020002207,红楼梦,[清]曹雪芹著,1996,人民文学出版社,3
9787559673039,隐墙,[奥]玛尔伦·豪斯霍费尔,2024,北京联合出版公司,3
9787555913689,失明症漫记,[葡]若泽·萨拉马戈,2022,河南文艺出版社,3
9787533969608,命运,蔡崇达,2022,浙江文艺出版社,3
9787540496715,两京十五日,马伯庸,2020,湖南文艺出版社,3
9787218169507,豆子芝麻茶,杨本芬,2023,广东人民出版社,3
9787540245849,变形记,[奥地利]弗朗茨·卡夫卡,2020,北京燕山出版社,3
9787574902343,人间信,麦家,2024,花城出版社,3
9787506365697,兄弟,余华,2012,作家出版社,3
9787547747216,赎罪,[日]凑佳苗,2024,北京日报出版社,3
9787020120130,我的天才女友,[意]埃莱娜·费兰特,2017,人民文学出版社,3
9787541166051,六个说谎的大学生,[日]浅仓秋成,2023,四川文艺出版社,3
9787513355896,驽马,[英]米克·赫伦,2024,新星出版社,3
9787530221280,流俗地,【马来西亚】黎紫书,2021,北京十月文艺出版社,3
9787544270878,解忧杂货店,[日]东野圭吾,2014,南海出版公司,3
9787506331746,遥远的救世主,豆豆,2005,作家出版社,3
9787559614636,房思琪的初恋乐园,林奕含,2018,北京联合出版公司,3
9787532751457,动物农场,[英]乔治·奥威尔,2010,上海译文出版社,3
9787020181667,不理想的妻子,王欣,2024,人民文学出版社,3
9787572615610,一个人消失在世上,[意]亚历山德罗·巴里科,2024,湖南文艺出版社,3
9787544285148,恶意,[日]东野圭吾,2016,南海出版公司,3
9787555913726,献给阿尔吉侬的花束,[美]丹尼尔·凯斯,2022,河南文艺出版社,3
9787513331418,第七天,余华,2018,新星出版社,3
9787201175133,焦虑的人,弗雷德里克·巴克曼,2021,天津人民出版社,3
9787549641864,第七重解答,[法]保罗·霍尔特,2024,文汇出版社,3
9787122346032,克莱因壶,[日]冈岛二人,2019,化学工业出版社,3
9787541169175,宋慈洗冤笔记3,巫童,2024,四川文艺出版社,3
9787532178377,西线无战事,[德]埃里希·玛丽亚·雷马克,2021,上海文艺出版社,3
9787020185504,猛虎下山,李修文,2024,人民文学出版社,3
9787536079113,大明王朝1566,刘和平,2016,花城出版社,3
9787533960919,尘埃落定,阿来,2020,浙江文艺出版社,3
9787547746349,追诉时效倒计时,[日]横山秀夫,2024,北京日报出版社,3
9787020139927,失踪的孩子,[意]埃莱娜·费兰特,2018,人民文学出版社,3
9787532751471,局外人,[法]阿尔贝·加缪,2010,上海译文出版社,3
9787513335256,圣母,[日]秋吉理香子,2019,新星出版社,3
9787544722803,树上的男爵,[意大利]伊塔洛·卡尔维诺,2012,译林出版社,3
9787512515666,桥头楼上,Priest,2024,国际文化出版公司,3
9787545581836,吾乡有情人,舍目斯,2024,天地出版社,3
9787559628572,声音,【意】达契亚·玛拉依尼,2024,北京联合出版公司,3
9787020096695,哈利·波特,J.K.罗琳(J.K.Rowling),2008,人民文学出版社,3
9787572614675,失去的过去与未来的犯罪,[日]小林泰三,2024,湖南文艺出版社,3
9787572615085,龙与地下铁,马伯庸,2024,湖南文艺出版社,3
9787532776771,挪威的森林,[日]村上春树,2018,上海译文出版社,3
9787530210291,1984,[英]乔治·奥威尔,2010,北京十月文艺出版社,3
9787532761760,局外人,(法)阿尔贝·加缪,2013,上海译文出版社,3
9787522520773,名侦探的献祭,[日]白井智之,2023,九州出版社,3
9789573330806,1367,陳浩基,2014,陳浩基作品,3
9787532761753,鼠疫,[法]阿尔贝·加缪,2013,上海译文出版社,3
9787521757965,巴别塔,[美]匡灵秀,2023,中信出版集团,3
9787532777532,长日将尽,[英]石黑一雄,2018,上海译文出版社,3
9787220134135,费可的晚宴,珞珈,2022,读客文化,3
9787513354356,替身计划,[日]山泽晴雄,2024,新星出版社,3
9787544266123,一桩事先张扬的凶杀案,[哥伦比亚]加西亚·马尔克斯,2013,南海出版公司,3
9787513311236,罗杰疑案,[英]阿加莎·克里斯蒂,2013,新星出版社,3
9787537823425,边城,沈从文,2002,北岳文艺出版社,3
9787572615931,伊甸之东,[美]约翰·斯坦贝克,2024,湖南文艺出版社,3
9787020090297,白鹿原,陈忠实,2012,人民文学出版社,3
9787210082835,面纱,[英]威廉·萨默塞特·毛姆,2016,江西人民出版社,3
9787547744482,疼痛部,[荷]杜布拉夫卡·乌格雷西奇,2023,北京日报出版社,3
9787020090006,围城,钱锺书,1991,人民文学出版社,3
9787544258661,了不起的盖茨比,[美]斯科特·菲茨杰拉德,2012,南海出版公司,3
9787201161693,蛤蟆先生去看心理医生,[英]罗伯特·戴博德,2020,天津人民出版社,4
9787551169639,早安，怪物,凯瑟琳·吉尔迪纳,2024,花山文艺出版社,4
9787553522838,也许你该找个人聊聊,[美]洛莉·戈特利布,2021,上海文化出版社,4
9787571425517,不原谅也没关系,[美]皮特•沃克,2023,北京科学技术出版社,4
9787111495482,被讨厌的勇气,岸见一郎,2021,机械工业出版社,4
9787521763157,真想让我爱的人读读这本书,[英]菲利帕·佩里,2024,中信出版集团,4
9787572025129,我能帮上什么忙？,[加]戴维·戈德布卢姆,2024,上海教育出版社,4
9787111495482,被讨厌的勇气,岸见一郎,2015,机械工业出版社,4
9787522520223,深度关系,武志红,2023,九州出版社,4
9787111711346,为什么我们总是在防御,[美]约瑟夫·布尔戈,2023,机械工业出版社,4
9787513941242,金钱心理学,[美]摩根·豪泽尔,2023,民主与建设出版社,4
9787516837375,躲在蚊子后面的大象,"(德)恩斯特弗里德·哈尼希,(德)爱娃·温德勒著",2024,台海出版社,4
9787115543424,认知觉醒,周岭,2020,人民邮电出版社,4
9787300325316,我在美国当精神科医生,杨伊德,2023,中国人民大学出版社,4
9787115638137,你不必是一朵花,理微尘,2024,人民邮电出版社,4
9787559673909,叙事本能,[德]维尔纳·西费尔,2024,北京联合出版公司,4
9787100110457,存在主义心理治疗,[美]欧文·亚隆,2015,商务印书馆,4
9787111735779,何以为父,迈克尔·J.戴蒙德（MichaelJ.Diamond）,2024,机械工业出版社,4
9787569918816,原生家庭,（美）苏珊·福沃德博士,2018,北京时代华文书局,4
9787521735734,你经历了什么？,[美]布鲁斯·D·佩里,2022,中信出版社,4
9787111555377,当尼采哭泣,[美国]欧文·亚隆,2017,机械工业出版社,4
9787115390578,亲密关系,[美]罗兰·米勒(RowlandS.Miller),2015,人民邮电出版社,4
9787111664772,拥抱你的敏感情绪,[英]伊米·洛,2020,机械工业出版社,4
9787508051000,非暴力沟通,[美]马歇尔·卢森堡,2009,华夏出版社,4
9787543988736,深渊回响,[新西兰]格温·阿谢德,2023,上海科学技术文献出版社,4
9787532745159,爱的艺术,[美]艾·弗洛姆,2008,上海译文出版社,4
9787508675534,心流,[美]米哈里·契克森米哈赖,2017,中信出版社,4
9787302606222,生活中的情绪心理学,彭凯平,2024,清华大学出版社,4
9787504689788,高敏感人士的幸福清单,[日]武田友纪著,2021,中国科学技术出版社,4
9787547746219,我们何以不同,王芳,2023,北京日报出版社,4
9787115635976,如何在黑暗的房间里找到一只黑猫：人类的恐惧、偏见、自恋与秩序感,[以色列]雅各布·布拉克（JacobBurak）,2024,人民邮电出版社,4
9787516824344,了不起的我,陈海贤,2019,台海出版社,4
9787559675019,我有自己的宇宙,钱婧,2024,北京联合出版公司,4
9787300325941,煤气灯效应：摆脱精神控制（疗愈版）,[美]艾米·马洛-麦考伊（AmyMarlow-MaCoy）,2024,中国人民大学出版社,4
9787111727699,深度关系,[美]大卫·布拉德福德,2023,机械工业出版社,4
9787801093660,乌合之众,[法]古斯塔夫·勒庞,2005,中央编译出版社,4
9787505755185,胡思乱想消除指南,[澳]萨拉·埃德尔曼,2023,中国友谊出版公司,4
9787115369840,社会心理学（第11版，精装彩印）,[美]戴维·迈尔斯,2014,人民邮电出版社,4
9787501994694,心理治疗中的依恋,威廉(DavidJ.Wallin),2014,中国轻工业出版社,4
9787532769186,逃避自由,[美]艾里希·弗洛姆,2015,上海译文出版社,4
9787544276986,你当像鸟飞往你的山,塔拉·韦斯特弗,2019,南海出版公司,4
9787300177397,人的自我寻求,【美】罗洛·梅,2013,中国人民大学出版社,4
9787521731583,贪婪的多巴胺,(美)丹尼尔·利伯曼,2021,中信出版社,4
9787508058993,活出生命的意义,[奥]维克多·弗兰克,2010,华夏出版社,4
9787515218885,精神健康讲记,李辛,2019,中医古籍出版社,4
9787115581495,津巴多普通心理学（第8版）,[美]菲利普·津巴多,2022,人民邮电出版社,4
9787532969623,涅朵奇卡,陀思妥耶夫斯基,2023,山东文艺出版社,4
9787531760924,新女性的50个基本,桃花潭李白,2024,北方文艺出版社,4
9787559482969,我在精神病院种蘑菇,郁闷闷,2024,江苏凤凰文艺出版社,4
9787115622624,人类心理3000年,[美]托马斯·哈代·黎黑,2024,人民邮电出版社,4
9787521763799,亲密关系中的隐蔽人格,于悦,2024,中信出版集团,4
9787201112695,悉达多,[德]赫尔曼·黑塞,2017,天津人民出版社,4
9787305274138,黑太阳,[法]朱莉娅·克里斯蒂娃,2024,南京大学出版社,4
9787542680433,女孩之书,[挪威]妮娜·布罗克曼著,2023,上海三联书店,4
9787521719253,真希望我父母读过这本书,[英]菲利帕·佩里,2020,中信出版集团,4
9787505737488,自卑与超越(完整全译本),[奥]阿尔弗雷德·阿德勒,2017,中国友谊出版公司,4
9787553819891,我们活着的理由,[奥]维克多·弗兰克尔,2024,岳麓书社,4
9787547061138,心理医生的故事盒子,[阿根廷]豪尔赫·布卡伊,2022,万卷出版公司,4
9787547734315,人间值得,[日]中村恒子,2019,北京日报出版社,4
9787111532637,身体从未忘记,BesselvanderKolkM.D.(范德考克),2016,机械工业出版社,4
9787572611889,重新找回自己,陈海贤,2024,湖南文艺出版社,4
9787533973186,弗洛伊德与为什么鸭,徐慢慢心理话,2023,浙江文艺出版社,4
9787115138804,社会心理学,[美]戴维·迈尔斯,2006,人民邮电出版社,4
9787532189700,亲密关系的核心是友谊,汪民安,2024,上海文艺出版社,4
9787501995219,人间游戏,[美]EricBerne,2014,中国轻工业出版社,4
9787111685777,清醒地活,[美]迈克尔·辛格（MichaelA.Singer）,2021,机械工业出版社,4
9787552042160,不委屈自己、不伤害他人的说话之道,[美]盖伊·温奇著,2023,上海社会科学院出版社,4
9787557699833,你的敏感，就是你的天赋,[英]伊米·洛,2022,天津科学技术出版社,4
9787521764222,一如既往,[美]摩根·豪泽尔,2024,中信出版社,4
9787100177740,萦绕不安的自我,[荷]夏安诺,2020,商务印书馆,4
9787572615443,叫醒一个装睡的爱人,[英]苏珊娜•阿布斯,2024,湖南文艺出版社,4
9787111551447,红书,[瑞士]荣格（C.G.Jung）原著,2016,机械工业出版社,4
9787521761450,情绪价值,[英]罗斯·哈克曼,2024,中信出版集团,4
9787100003155,精神分析引论,[奥]西格蒙德·弗洛伊德,1984,商务印书馆,4
9787533966355,抱住棒棒的自己,徐慢慢心理话,2021,浙江文艺出版社,4
9787544717564,我们时代的神经症人格,卡伦·霍尼,2011,译林出版社,4
9787201146171,世界尽头的咖啡馆,（美）约翰·史崔勒基,2019,天津人民出版社,4
9787522200514,非暴力沟通,[美]马歇尔·卢森堡,2021,华夏出版社,4
9787121475016,工作的心智,阳志平,2024,电子工业出版社,4
9787550230491,为何家会伤人（升级版）,武志红,2014,北京联合出版公司,4
9787556133529,拥抱那只黑狗,汪瞻,2024,湖南人民出版社,4
9787305203305,臣服实验,[美]迈克·A.辛格,2019,南京大学出版社,4
9787504699770,不自卑的勇气,[日]宫崎直子,2023,中国科学技术出版社,4
9787518415601,自体心理学导论,[美]彼得·A.莱塞姆（PeterA.Lessem）,2017,中国轻工业出版社,4
9787521757552,凝视深渊,[美]安·沃尔伯特·伯吉斯,2023,中信出版集团,4
9787559479471,为什么我们相信阴谋论,[西]拉蒙·诺格拉斯,2024,江苏凤凰文艺出版社,4
9787115636386,这就是心理咨询,(美)布拉德利·T.埃尔福特,2024,人民邮电出版社,4
9787541156519,我是这样好起来的,王伟,2024,四川文艺出版社,4
9787521758634,宝贵的人生建议,[美]凯文·凯利,2023,中信出版社,4
9787559656438,影响力,[美]罗伯特·西奥迪尼,2021,北京联合出版公司,4
9787552028751,危险关系,[比利时]埃丝特•佩瑞尔,2020,上海社会科学院出版社,4
9787111507796,创伤与复原,朱迪思·赫尔曼,2015,机械工业出版社,4
9787532752850,爱的艺术,[美]弗洛姆,2011,上海译文出版社,4
9787542683700,嫉妒与社会,[德]赫尔穆特·舍克,2024,上海三联书店,4
9787521764345,阴影工作日志,[美]凯拉·沙欣,2024,中信出版社,4
9787573014047,性心理学,[英]哈夫洛克·霭理士,2024,海南出版社,4
9787547058350,养育你内心的小孩,丛非从,2022,万卷出版公司,4
9787303207695,像我们一样疯狂,[美]亿森·沃特斯,2016,北京师范大学出版社,4
9787300245188,理解人性,[奥地利]阿尔弗雷德·阿德勒,2017,中国人民大学出版社,4
9787111734222,心理咨询师执业之路,庄晓丹,2023,机械工业出版社,4
9787559673848,最后一个死去的女孩,[美]哈里·多兰,2024,北京联合出版公司,5
9787532175512,消失的13级台阶,[日]高野和明,2020,上海文艺出版社,5
9787559641182,绝叫,[日]叶真中显,2020,北京联合出版公司,5
9787544258609,白夜行,[日]东野圭吾,2013,南海出版公司,5
9787122346032,克莱因壶,[日]冈岛二人,2019,化学工业出版社,5
9787513311236,罗杰疑案,[英]阿加莎·克里斯蒂,2013,新星出版社,5
9787541166051,六个说谎的大学生,[日]浅仓秋成,2023,四川文艺出版社,5
9787513335256,圣母,[日]秋吉理香子,2019,新星出版社,5
9787544285148,恶意,[日]东野圭吾,2016,南海出版公司,5
9787572616099,食南之徒,马伯庸,2024,湖南文艺出版社,5
9787559480187,一生悬命,陆春吾,2023,江苏凤凰文艺出版社,5
9787549641901,恐怖呢喃,贵志祐介,2024,文汇出版社,5
9787541169175,宋慈洗冤笔记3,巫童,2024,四川文艺出版社,5
9787512515666,桥头楼上,Priest,2024,国际文化出版公司,5
9787020143566,19年间谋杀小叙,那多,2018,人民文学出版社,5
9787220133237,无辜者的谎言,[美]A.R.托雷,2024,四川人民出版社,5
9787220134135,费可的晚宴,珞珈,2022,读客文化,5
9787547747216,赎罪,[日]凑佳苗,2024,北京日报出版社,5
9787541166808,有人自林中坠落,蒲熠星,2023,四川文艺出版社,5
9787514521702,呼救,[美]史黛西·威林厄姆,2024,中国致公出版社,5
9789573330806,1367,陳浩基,2014,陳浩基作品,5
9787229153809,海葵,贝客邦,2021,重庆出版社,5
9787541169946,宋慈洗冤笔记4,巫童,2024,四川文艺出版社,5
9787549641864,第七重解答,[法]保罗·霍尔特,2024,文汇出版社,5
9787517148111,永不结束的夏天,赛西娅,2024,中国言实出版社,5
9787020114115,动物园,[日]乙一,2016,人民文学出版社,5
9787541167553,宋慈洗冤笔记,巫童,2023,四川文艺出版社,5
9787020186068,请记得乐园,那多,2024,人民文学出版社,5
9787222143975,长夜难明,紫金陈,2017,云南人民出版社,5
9787573011732,骗子家族,[日]道尾秀介,2023,海南出版社,5
9787106038441,高智商犯罪2,紫金陈,2014,中国电影出版社,5
9787521226805,钦探,周游,2024,作家出版社,5
9787513320955,钟表馆事件,[日]绫辻行人,2016,新星出版社,5
9787540473990,告白,[日]凑佳苗,2016,湖南文艺出版社,5
9787559664228,未完成的手稿,[法]弗兰克·蒂利耶,2022,北京联合出版公司,5
9787513355896,驽马,[英]米克·赫伦,2024,新星出版社,5
9787505757301,六小时后你会死,[日]高野和明,2024,中国友谊出版公司,5
9787516835616,怪屋谜案,[日]雨穴,2023,台海出版社,5
9787513315104,高尔夫球场命案,[英]阿加莎·克里斯蒂,2014,新星出版社,5
9787530217559,假面山庄,[日]东野圭吾,2018,北京十月文艺出版社,5
9787541167744,枭起青壤,尾鱼,2024,四川文艺出版社,5
9787221119575,设局,紫金陈,2014,贵州人民出版社,5
9787559483300,骤雨,莫妮打,2024,江苏凤凰文艺出版社,5
9787555915478,X的悲剧,[美]埃勒里·奎因,2023,河南文艺出版社,5
9787513346887,华丽人生,[日]伊坂幸太郎,2021,新星出版社,5
9787559482525,七叶树,东坡柚,2024,江苏凤凰文艺出版社,5
9787544285025,金色梦乡,[日]伊坂幸太郎,2016,南海出版公司,5
9787544296274,夏天、烟火和我的尸体,[日]乙一,2019,南海出版公司,5
9787541167539,宋慈洗冤笔记2,巫童,2023,四川文艺出版社,5
9787513317153,帷幕,[英]阿加莎·克里斯蒂,2015,新星出版社,5
9787513353939,联愁杀,[日]西泽保彦,2024,新星出版社,5
9787513312929,无人生还,(英)阿加莎·克里斯蒂,2013,新星出版社,5
9787533950057,生吞,郑执,2017,浙江文艺出版社,5
9787559674067,毒花束,[日]织守恭弥,2024,北京联合出版公司,5
9787555910749,沉默的病人,[英]亚历克斯·麦克利兹,2020,河南文艺出版社,5
9787516836156,易碎品,何袜皮,2023,台海出版社,5
9787544713986,金色梦乡,[日]伊坂幸太郎,2010,译林出版社,5
9787516927687,女仆,[美]弗雷达·麦克法登,2024,华龄出版社,5
9787573506078,假面游戏,[日]东野圭吾,2024,南海出版公司,5
9787549637270,同名同姓受害者协会,[日]下村敦史,2022,文汇出版社,5
9787544276207,彷徨之刃,[日]东野圭吾,2015,南海出版公司,5
9787513354356,替身计划,[日]山泽晴雄,2024,新星出版社,5
9787505740570,七根凶简,尾鱼,2017,中国友谊出版公司,5
9787544280662,沉默的巡游,[日]东野圭吾,2020,南海出版公司,5
9787544291224,放学后,[日]东野圭吾,2017,南海出版公司,5
9787544298476,白鸟坠入密林,贝客邦,2022,南海出版公司,5
9787802257825,杀戮之病,[日]我孙子武丸,2010,新星出版社,5
9787547747957,不能赢的辩护,[英]史蒂夫·卡瓦纳,2024,北京日报出版社,5
9787544281102,新参者,[日]东野圭吾,2016,南海出版公司,5
9787573012845,黑暗之家,[日]贵志祐介,2023,海南出版社,5
9787513335270,东方快车谋杀案,[英]阿加莎·克里斯蒂,2019,新星出版社,5
9787514233650,如首无作祟之物,[日]三津田信三,2021,文化发展出版社,5
9787544270878,解忧杂货店,[日]东野圭吾,2014,南海出版公司,5
9787201157412,低智商犯罪,紫金陈,2020,天津人民出版社,5
9787513311229,斯泰尔斯庄园奇案,(英)阿加莎·克里斯蒂,2013,新星出版社,5
9787521226669,莫莉和森克,永城,2024,作家出版社,5
9787106083434,高智商犯罪3,紫金陈,2017,中国电影出版社,5
9787521764123,坏家伙们,九滴水,2024,中信出版集团,5
9787533972622,莫比乌斯的圈套,轩弦,2024,浙江文艺出版社,5
9787522520773,名侦探的献祭,[日]白井智之,2023,九州出版社,5
9787550025103,默读,Priest,2018,百花洲文艺出版社,5
9787547744345,恶徒的救赎,[日]高野和明,2023,北京日报出版社,5
9787572613012,长夜难明:双星,紫金陈,2024,湖南文艺出版社,5
9787513351911,献给名侦探的甜美死亡,[日]方丈贵惠,2023,新星出版社,5
9787521764277,重影,泽帆,2024,中信出版集团,5
9787544274692,祈祷落幕时,(日)东野圭吾,2015,南海出版公司,5
9787557032746,今天天气不错，我打算把上司……,[日]夕鹭叶,2024,广东旅游出版社,5
9787530688137,黄粱一梦,不明眼,2024,百花文艺出版社,5
9787572614620,精神病预后档案,穆戈,2024,湖南文艺出版社,5
9787510881145,网内人,陈浩基,2019,九州出版社,5
9787572611070,邻居,[日]雫井脩介,2023,湖南文艺出版社,5
9787544716888,奇风岁月,罗伯特•麦卡蒙,2011,译林出版社,5
9787802258136,第七重解答,[法]保罗·霍尔特,2010,新星出版社,5
9787514522440,猎物,[美]史黛西·威林厄姆,2024,中国致公出版社,5
9787544267618,嫌疑人X的献身,[日]东野圭吾,2014,南海出版公司,5
9787513326469,死了七次的男人,[日]西泽保彦,2017,新星出版社,5
9787572616969,伏罪,渡十鸦,2024,湖南文艺出版社,5
9787559664761,两度,[法]弗兰克·蒂利耶,2023,北京联合出版公司,5
9787513324717,希腊棺材之谜,[美]埃勒里·奎因,2017,新星出版社,5
9787530218181,谁杀了她,(日)东野圭吾,2018,北京十月文艺出版社,5
9787513353939,联愁杀,[日]西泽保彦,2024,新星出版社,6
9787549641864,第七重解答,[法]保罗·霍尔特,2024,文汇出版社,6
9787547746349,追诉时效倒计时,[日]横山秀夫,2024,北京日报出版社,6
9787522520773,名侦探的献祭,[日]白井智之,2023,九州出版社,6
9787559673848,最后一个死去的女孩,[美]哈里·多兰,2024,北京联合出版公司,6
9787532175512,消失的13级台阶,[日]高野和明,2020,上海文艺出版社,6
9787559641182,绝叫,[日]叶真中显,2020,北京联合出版公司,6
9787541166051,六个说谎的大学生,[日]浅仓秋成,2023,四川文艺出版社,6
9787541169175,宋慈洗冤笔记3,巫童,2024,四川文艺出版社,6
9787572616099,食南之徒,马伯庸,2024,湖南文艺出版社,6
9787513311236,罗杰疑案,[英]阿加莎·克里斯蒂,2013,新星出版社,6
9787549641901,恐怖呢喃,贵志祐介,2024,文汇出版社,6
9789573330806,1367,陳浩基,2014,陳浩基作品,6
9787513354356,替身计划,[日]山泽晴雄,2024,新星出版社,6
9787557030100,明明不是我！,[日]浅仓秋成,2024,广东旅游出版社,6
9787513351911,献给名侦探的甜美死亡,[日]方丈贵惠,2023,新星出版社,6
9787544285148,恶意,[日]东野圭吾,2016,南海出版公司,6
9787513320955,钟表馆事件,[日]绫辻行人,2016,新星出版社,6
9787573506078,假面游戏,[日]东野圭吾,2024,南海出版公司,6
9787513335256,圣母,[日]秋吉理香子,2019,新星出版社,6
9787547747216,赎罪,[日]凑佳苗,2024,北京日报出版社,6
9787221179586,星咏师的记忆,[日]阿津川辰海,2024,贵州人民出版社,6
9787513351850,孤岛的来访者,[日]方丈贵惠,2023,新星出版社,6
9787513344142,时空旅行者的沙漏,[日]方丈贵惠,2021,新星出版社,6
9787533975401,求婚的密室,[日]笹泽左保,2024,浙江文艺出版社,6
9787513321211,十角馆事件,[日]绫辻行人,2016,新星出版社,6
9787122346032,克莱因壶,[日]冈岛二人,2019,化学工业出版社,6
9787541167553,宋慈洗冤笔记,巫童,2023,四川文艺出版社,6
9787512515635,幻觉侦探,[日]小西雅晖,2024,国际文化出版公司,6
9787544258609,白夜行,[日]东野圭吾,2013,南海出版公司,6
9787541167539,宋慈洗冤笔记2,巫童,2023,四川文艺出版社,6
9787516835616,怪屋谜案,[日]雨穴,2023,台海出版社,6
9787020143566,19年间谋杀小叙,那多,2018,人民文学出版社,6
9787541165368,玻璃塔谜案,[日]知念实希人,2023,四川文艺出版社,6
9787572611070,邻居,[日]雫井脩介,2023,湖南文艺出版社,6
9787802258136,第七重解答,[法]保罗·霍尔特,2010,新星出版社,6
9787547746332,玻璃之锤,[日]贵志祐介,2023,北京日报出版社,6
9787513334334,犹大之窗,[美]约翰·迪克森·卡尔,2019,新星出版社,6
9787545573206,涅墨西斯的使者,[日]中山七里,2024,天地出版社,6
9787572616075,拨开迷雾,雫井脩介,2024,湖南文艺出版社,6
9787505757301,六小时后你会死,[日]高野和明,2024,中国友谊出版公司,6
9787547743416,密室狂乱时代的孤岛事件,[日]鸭崎暖炉,2023,北京日报出版社,6
9787541169946,宋慈洗冤笔记4,巫童,2024,四川文艺出版社,6
9787553529790,熊猫骑士,钟声礼,2024,上海文化出版社,6
9784062990417,虹の歯ブラシ上木らいち発散,早坂吝,2015,上木らいち「援交探偵」系列,6
9787513352963,玻璃长颈鹿,[日]加纳朋子,2024,新星出版社,6
9787505756663,双月城的惨剧,[日]加贺美雅之,2023,中国友谊出版公司,6
9787544879842,周四推理俱乐部：活了两次的男人,[英]理查德·奥斯曼,2022,接力出版社,6
9787513315104,高尔夫球场命案,[英]阿加莎·克里斯蒂,2014,新星出版社,6
9787020180240,黑牢城,[日]米泽穗信,2023,人民文学出版社,6
9787530217559,假面山庄,[日]东野圭吾,2018,北京十月文艺出版社,6
9787540473990,告白,[日]凑佳苗,2016,湖南文艺出版社,6
9787544285643,圣女的救济,[日]东野圭吾,2017,南海出版公司,6
9784062990257,〇〇〇〇〇〇〇〇殺人事件,早坂吝,2014,上木らいち「援交探偵」系列,6
9787559480187,一生悬命,陆春吾,2023,江苏凤凰文艺出版社,6
9787545576481,忒弥斯之剑,[日]中山七里,2024,天地出版社,6
9787544281102,新参者,[日]东野圭吾,2016,南海出版公司,6
9787513311229,斯泰尔斯庄园奇案,(英)阿加莎·克里斯蒂,2013,新星出版社,6
9787513306775,占星术杀人魔法,[日]岛田庄司,2012,新星出版社,6
9787533972622,莫比乌斯的圈套,轩弦,2024,浙江文艺出版社,6
9787572613012,长夜难明:双星,紫金陈,2024,湖南文艺出版社,6
9787547746479,终身验尸官,[日]横山秀夫,2024,北京日报出版社,6
9787539981635,密室收藏家,[日]大山诚一郎,2017,江苏凤凰文艺出版社,6
9787510881145,网内人,陈浩基,2019,九州出版社,6
9787516836156,易碎品,何袜皮,2023,台海出版社,6
9787514233650,如首无作祟之物,[日]三津田信三,2021,文化发展出版社,6
9787555915478,X的悲剧,[美]埃勒里·奎因,2023,河南文艺出版社,6
9787505757318,我杀死的男人回来了,[韩]黄世鸢,2024,中国友谊出版公司,6
9787513303293,人间椅子,[日]江户川乱步,2011,新星出版社,6
9787544876155,周四推理俱乐部,[英]理查德·奥斯曼,2022,接力出版社,6
9787512515666,桥头楼上,Priest,2024,国际文化出版公司,6
9787513332323,三口棺材,[美]约翰·迪克森·卡尔,2019,新星出版社,6
9787513312462,ABC谋杀案,(英)阿加莎·克里斯蒂,2013,新星出版社,6
9787541166792,无人逝去,[日]白井智之,2023,四川文艺出版社,6
9784864109826,変な家2,雨穴,2023,変な家,6
9787549637287,爱丽丝罪恶奇境,[日]早坂吝,2022,文汇出版社,6
9787532175697,绝对不在场证明,[日]大山诚一郎,2020,上海文艺出版社,6
9787549641802,女佣异闻,[日]乙一,2024,文汇出版社,6
9787544291224,放学后,[日]东野圭吾,2017,南海出版公司,6
9787513303286,阴兽,[日]江户川乱步,2011,新星出版社,6
9787222143975,长夜难明,紫金陈,2017,云南人民出版社,6
9787544267618,嫌疑人X的献身,[日]东野圭吾,2014,南海出版公司,6
9787513356282,苍海馆事件,[日]阿津川辰海,2024,新星出版社,6
9787559674067,毒花束,[日]织守恭弥,2024,北京联合出版公司,6
9787513314992,一朵桔梗花,[日]连城三纪彦,2017,新星出版社,6
9787513356145,时间的女儿,[英]约瑟芬·铁伊,2024,新星出版社,6
9787521764123,坏家伙们,九滴水,2024,中信出版集团,6
9787555911425,字母表谜案,大山诚一郎,2021,河南文艺出版社,6
9787513316132,五只小猪,[英]阿加莎·克里斯蒂,2014,新星出版社,6
9787544260619,本阵杀人事件,[日]横沟正史,2012,南海出版公司,6
9787544276207,彷徨之刃,[日]东野圭吾,2015,南海出版公司,6
9789573341086,隱蔽嫌疑人,陳浩基,2024,陳浩基作品,6
9787544716888,奇风岁月,罗伯特•麦卡蒙,2011,译林出版社,6
9787513326971,解体诸因,[日]西泽保彦,2017,新星出版社,6
9787020128495,体育馆之谜,[日]青崎有吾,2017,人民文学出版社,6
9787513335782,喜鹊谋杀案,[英]安东尼·霍洛维茨,2019,新星出版社,6
9787221119575,设局,紫金陈,2014,贵州人民出版社,6
9787513324717,希腊棺材之谜,[美]埃勒里·奎因,2017,新星出版社,6
9787549640348,第四扇门,[法]保罗·霍尔特,2023,文汇出版社,6
9787122376770,99%诱拐,[日]冈岛二人,2020,化学工业出版社,6
9787542684738,小镇做题家,谢爱磊,2024,上海三联书店,7
9787111735779,何以为父,迈克尔·J.戴蒙德（MichaelJ.Diamond）,2024,机械工业出版社,7
9787544276986,你当像鸟飞往你的山,塔拉·韦斯特弗,2019,南海出版公司,7
9787208182714,县中的孩子,林小英,2023,上海人民出版社,7
9787534396533,为什么学生不喜欢上学?,[美]丹尼尔·T.威林厄姆,2010,江苏教育出版社,7
9787532794133,世上为什么要有图书馆,杨素秋,2024,上海译文出版社,7
9787807246176,正面管教,[美]简·尼尔森(JaneNelsen),2009,京华出版社,7
9787521755459,看见孩子,贝姬·肯尼迪,2023,中信出版社,7
9787542677815,金榜题名之后,郑雅君,2023,上海三联书店,7
9787552039962,屏幕时代，重塑孩子的自控力,[加]希米·康,2023,上海社会科学院出版社,7
9787521719253,真希望我父母读过这本书,[英]菲利帕·佩里,2020,中信出版集团,7
9787572279010,笑得出来的养育,李一诺,2024,浙江教育出版社,7
9787542680433,女孩之书,[挪威]妮娜·布罗克曼著,2023,上海三联书店,7
9787020161874,我的二本学生,黄灯,2020,人民文学出版社,7
9787807684190,不一样的中学,贾冬婷等,2024,生活书店出版有限公司,7
9787513353700,卓越,吴军,2023,新星出版社,7
9787115638137,你不必是一朵花,理微尘,2024,人民邮电出版社,7
9787213093302,园丁与木匠,[美]艾莉森•高普尼克(AlisonGopnik),2019,浙江人民出版社,7
9787567532694,特权,西莫斯·可汗,2016,华东师范大学出版社,7
9787201161693,蛤蟆先生去看心理医生,[英]罗伯特·戴博德,2020,天津人民出版社,7
9787115543424,认知觉醒,周岭,2020,人民邮电出版社,7
9787510842252,优秀的绵羊,[美]威廉·德雷谢维奇,2016,九州出版社,7
9787115470294,大学之路（第二版）,吴军,2017,人民邮电出版社,7
9787208144149,教育与美好生活,[英]伯特兰•罗素,2017,上海人民出版社,7
9787512515529,人生总会有答案,金惟纯,2024,国际文化出版公司,7
9787520336956,“读书的料”及其文化生产,程猛,2018,中国社会科学出版社,7
9787020184262,去家访,黄灯,2024,人民文学出版社,7
9787108071392,寒门子弟上大学,[美]安东尼·亚伯拉罕·杰克,2021,生活·读书·新知三联书店,7
9787108068743,娇惯的心灵,[美]格雷格·卢金诺夫,2020,生活·读书·新知三联书店,7
9787550268517,正面管教（修订版）,[美]简·尼尔森(JaneNelsen),2016,北京联合出版公司,7
9787575400978,青春期情绪密码,【美】丽莎·达穆尔（LisaDamour）,2024,湖南教育出版社,7
9787521226829,大教至简,任小巍,2024,作家出版社,7
9787512514157,孩子的教育,【奥地利】阿尔弗雷德·阿德勒,2022,国际文化出版公司,7
9787115373892,教育心理学（第10版）,[美]罗伯特·斯莱文,2016,人民邮电出版社,7
9787111636885,自驱型成长,[美]威廉·斯蒂克斯鲁德,2020,机械工业出版社,7
9787572266461,玩耍是最认真的学习,[美]彼得·格雷著,2023,浙江教育出版社,7
9787108070753,什么是教育,[德]卡尔·雅斯贝尔斯,2021,生活·读书·新知三联书店,7
9787559826664,私立小学闯关记,槙原久美子,2021,理想国,7
9787807680741,孩子：挑战,【美】鲁道夫·德雷克斯,2015,德雷克斯家庭挑战系列,7
9787506345040,好妈妈胜过好老师,尹建莉,2009,作家出版社,7
9787115601063,妈！这是我的人生,王食欲,2023,人民邮电出版社,7
9787517703822,父母效能训练,[美]托马斯·戈登,2015,中国发展出版社,7
9787100034883,继承人,［法］皮埃尔·布尔迪厄,2002,商务印书馆,7
9787508635637,养育女孩,（澳）史蒂夫·比达尔夫,2014,中信出版社,7
9787521731460,精英的傲慢,[美]迈克尔·桑德尔,2021,中信出版社,7
9787559817686,出身,[美]劳伦·A·里韦拉,2021,理想国,7
9787519117450,项目化学习设计,夏雪梅,2018,教育科学出版社,7
9787115640246,恰如其分的父母语言,张心悦,2024,人民邮电出版社,7
9787500171119,教育的浪费,[美]布莱恩·卡普兰（BryanCaplan）,2023,中译出版社,7
9787571428228,为什么你的学生不思考？,[加]彼得·利耶达尔,2023,北京科学技术出版社,7
9787559653178,选择比努力更重要,张雪峰,2021,北京联合出版公司,7
9787559639554,什么是最好的父母,[日]河合隼雄,2020,北京联合出版公司,7
9787806884799,父母效能训练手册,戈登,2009,天津社会科学院出版社,7
9787515355122,马文·柯林斯的教育之道,（美）马文·柯林斯,2019,中国青年出版社,7
9787521761481,我在上东区做家教,[美]布莱斯·格罗斯伯格,2023,中信出版集团,7
9787513353069,100个答案,周成刚,2024,新星出版社,7
9787802115279,如何说孩子才会听，怎么听孩子才肯说,[美]阿黛尔•法伯伊莱恩•玛兹丽施,2007,中央编译出版社,7
9787562070146,我们的孩子,[美]罗伯特·帕特南,2017,中国政法大学出版社,7
9787560444901,无知的教师,[法]雅克·朗西埃,2020,西北大学出版社,7
9787544280020,你想活出怎样的人生,[日]吉野源三郎,2019,南海出版公司,7
9787542674227,心理抚养,李玫瑾,2021,上海三联书店,7
9787300287072,一所与众不同的大学,[美]斯蒂芬·M.科斯林,2021,中国人民大学出版社,7
9789869706995,法國高中生哲學讀本（全五冊套書）,BlancheRobert,2019,法國高中生哲學讀本,7
9787552029185,家庭的觉醒,【美】沙法丽·萨巴瑞/著,2020,上海社会科学院出版社,7
9787520182263,拉扯大的孩子,安超,2021,社会科学文献出版社,7
9787220106682,如何让孩子成年又成人,[美]朱莉•利思科特-海姆斯,2018,四川人民出版社,7
9787549565115,献给阿尔吉侬的花束,[美]丹尼尔·凯斯,2015,广西师范大学出版社,7
9787559627131,每个孩子都需要被看见,戈登·诺伊费尔德,2019,北京联合出版公司,7
9787572020827,巴学园的父亲：小林宗作传,[日]佐野和彦,2023,上海教育出版社,7
9787107174612,学校与社会·明日之学校,[美]约翰·杜威(JohnDewey),2005,人民教育出版社,7
9787508692241,写给父母的未来之书,郝景芳,2018,中信出版社,7
9787572613197,失业名校毕业生日记,[英]马修·诺特（MatthewKnott）,2023,湖南文艺出版社,7
9787571435813,X书店12节虚构的语文课,冯军鹤,2024,北京科学技术出版社,7
9787571437862,像青蛙一样坐定,[荷]艾琳·斯奈儿,2024,北京科学技术出版社,7
9787559632265,掌控习惯,[美]詹姆斯·克利尔,2019,北京联合出版公司,7
9787511726650,统治与教育,徐贲,2016,中央编译出版社,7
9787213084003,为孩子重塑教育,[美]托尼·瓦格纳,2017,浙江人民出版社,7
9787111745181,好玩的金融（一套2册，钱是怎么流动的、会存钱也会花钱）,[美]沃尔特·安达尔（WalterAndal）,2024,机械工业出版社,7
9787020042494,小王子,[法]圣埃克苏佩里,2003,人民文学出版社,7
9787518083602,为未知而教，为未来而学2,[加]戴维·珀金斯,2021,中国纺织出版社,7
9787111749547,学习其实超有趣,赵巍,2024,机械工业出版社,7
9787552037975,古典音乐大师绘本第二辑,［比］卡尔·诺拉克［法］弗雷德里克·克莱芒著,2024,上海社会科学院出版社,7
9787807683537,儿童自然法则,［法］塞利娜·阿尔瓦雷斯,2022,生活·读书·新知三联书店,7
9787213068041,为未知而教，为未来而学,[美]戴维·珀金斯,2015,浙江人民出版社,7
9787572253300,精准学习,[法]斯坦尼斯拉斯·迪昂,2023,浙江教育出版社,7
9787572613401,不内耗的教育,何江,2024,湖南文艺出版社,7
9787549638581,自学大全,读书猴,2022,文汇出版社,7
9787558420443,只能这样吗不一定吧,[日]吉竹伸介,2020,江苏凤凰少年儿童出版社,7
9787545580389,沉默的十三岁,[法]塞西尔·阿利克斯,2024,天地出版社,7
9787510198915,读画认思维启蒙,胡志坚,2023,中国人口出版社,7
9787519289140,这才是高情商养育,叶壮,2021,世界图书出版公司,7
9787512507319,关键期关键帮助,李跃儿,2015,国际文化出版公司,7
9787108033635,孩子你慢慢来,龙应台,2009,生活·读书·新知三联书店,7
9787500174462,读书改变命运,郑毓煌,2023,中译出版社,7
9787115516541,创造性思维,[美]马文·明斯基(著),2020,人民邮电出版社,7
9787302620174,教师力,老踏,2022,清华大学出版社,7
9787801509147,游戏力,"[美]劳伦斯·科恩（LawrenceJ.Cohen,Ph.D.）",2011,军事谊文出版社,7
9787561798270,人是如何学习的,[美]约翰•D•布兰思福特,2013,华东师范大学出版社,7
9787562491316,登天之梯,布鲁斯·D.佩里(BruceD.Perry),2015,重庆大学出版社,7
9787508671475,平均的终结,托德罗斯,2017,中信出版社,7
9787513344180,阿勒泰的角落,李娟,2024,新星出版社,8
9787536094352,我的阿勒泰,李娟,2021,花城出版社,8
9787570204946,我的阿勒泰,李娟,2018,长江文艺出版社,8
9787020083442,我与地坛,史铁生,2011,人民文学出版社,8
9787536084469,遥远的向日葵地,李娟,2017,花城出版社,8
9787516837917,解闷儿,张辰亮,2024,台海出版社,8
9787536091078,记一忘三二,李娟,2020,花城出版社,8
9787536099876,冬牧场,李娟,2023,花城出版社,8
9787542678652,东京八平米,[日]吉井忍,2023,上海三联书店,8
9787547744086,老派少女购物路线,洪爱珠,2023,北京日报出版社,8
9787222065413,我的阿勒泰,李娟,2010,云南人民出版社,8
9787549641895,吃着吃着就老了,陈晓卿,2024,文汇出版社,8
9787505754942,快乐就是哈哈哈哈哈,梁实秋,2022,中国友谊出版公司,8
9787532188147,认识我的人慢慢忘了我,周慧著,2024,上海文艺出版社,8
9787530214657,我们生活在巨大的差距里,余华,2015,北京十月文艺出版社,8
9787513312530,阿勒泰的角落,李娟,2013,新星出版社,8
9787544798556,大地上的家乡,刘亮程,2024,译林出版社,8
9787513305662,冬牧场,李娟,2012,新星出版社,8
9787559485809,我栖春山,陆苏,2024,江苏凤凰文艺出版社,8
9787570235261,独自走过悲喜,梁晓声,2024,长江文艺出版社,8
9787532794133,世上为什么要有图书馆,杨素秋,2024,上海译文出版社,8
9787572616419,峡河西流去,陈年喜,2024,湖南文艺出版社,8
9787536097117,山居杂忆,高诵芬,2022,花城出版社,8
9787536096912,羊道·春牧场,李娟,2022,花城出版社,8
9787536097094,羊道·深山夏牧场,李娟,2022,花城出版社,8
9787513318501,走夜路请放声歌唱,李娟,2015,新星出版社,8
9787559640666,秋园,杨本芬,2020,北京联合出版公司,8
9787536097087,羊道·前山夏牧场,李娟,2022,花城出版社,8
9787806398791,撒哈拉的故事,三毛,2003,哈尔滨出版社,8
9787522521916,我所告诉你关于那座山的一切,刘宸君,2024,九州出版社,8
9787521755756,我还能看到多少次满月升起,[日]坂本龙一,2023,中信出版社,8
9787572616907,一蔸雨水一蔸禾,蔡皋,2024,湖南文艺出版社,8
9787020171996,容易忘记的名字,[韩]金爱烂,2022,人民文学出版社,8
9787508675770,羊道三部曲(套装共3册),李娟,2017,中信出版社,8
9787572616174,人间至趣,蔡澜,2024,湖南文艺出版社,8
9787020135639,我与地坛,史铁生,2018,人民文学出版社,8
9787555037040,初老的女人,伊藤比吕美,2024,海峡文艺出版社,8
9787559481665,先生，今夜圆满的不只有月亮,纪云裳,2024,江苏凤凰文艺出版社,8
9787572609268,我在北京送快递,胡安焉,2023,湖南文艺出版社,8
9787535481504,我的阿勒泰,李娟,2015,长江文艺出版社,8
9787544398565,必有人重写爱情,北岛,2022,海南出版社,8
9787100235648,陪父母老去,解玉军,2024,商务印书馆,8
9787554615430,心安即是归处,季羡林,2020,古吴轩出版社,8
9787020084357,我与地坛,史铁生,2008,人民文学出版社,8
9787521760804,日常的深处,王小伟,2023,中信出版社,8
9787547010105,阿勒泰的角落,李娟,2010,万卷出版公司,8
9787544787765,一个人的村庄,刘亮程,2022,译林出版社,8
9787530219102,九篇雪,李娟,2019,北京十月文艺出版社,8
9787530688373,心间事，舌尖解——“食神”蔡澜美食治愈集大成之作,[新]蔡澜,2024,百花文艺出版社,8
9787572615863,人间清醒,蔡澜,2024,湖南文艺出版社,8
9787505757523,贫困旅行记,[日]柘植义春,2024,中国友谊出版公司,8
9787201151656,一间只属于自己的房间,[英]弗吉尼亚·伍尔夫,2019,天津人民出版社,8
9787572612145,我就要自由,[日]佐野洋子,2024,湖南文艺出版社,8
9787531329329,一个人的村庄,刘亮程,2006,春风文艺出版社,8
9787531324362,我与地坛,史铁生,2002,春风文艺出版社,8
9787201199559,在菜场，在人间,陈慧,2023,天津人民出版社,8
9787201088945,皮囊,蔡崇达,2014,天津人民出版社,8
9787539921969,人间草木,汪曾祺,2005,江苏文艺出版社,8
9787218169507,豆子芝麻茶,杨本芬,2023,广东人民出版社,8
9787201181073,山水,冯至,2022,天津人民出版社,8
9787541163050,幸得诸君慰平生,故园风雨前,2022,四川文艺出版社,8
9787573505798,沿着季风的方向,刘子超,2023,南海出版公司,8
9787514520088,岁月静好是片刻一地鸡毛是日常,史铁生,2023,中国致公出版社,8
9787513330404,冬牧场,李娟,2018,新星出版社,8
9787533974916,萧红：我的血液里没有屈服,萧红,2024,浙江文艺出版社,8
9787572615573,在荒野,刘亮程,2024,湖南文艺出版社,8
9787213069758,牛棚杂忆,季羡林,2016,浙江人民出版社,8
9787222225954,在时间荒原上,[波]切斯瓦夫·米沃什,2024,云南人民出版社,8
9787530214732,雨季不再来,三毛,2017,北京十月文艺出版社,8
9787559665799,荔枝依旧年年红,肖复兴,2023,北京联合出版公司,8
9787559666802,意识的河流,[英国]奥利弗·萨克斯,2023,北京联合出版公司,8
9787514521757,我想做一个能在你的葬礼上描述你一生的人5,梁晓声等,2024,中国致公出版社,8
9787210113843,呼兰河传,萧红,2019,江西人民出版社,8
9787210122708,阅读是一座随身携带的避难所,[英]威廉·萨默塞特·毛姆,2020,江西人民出版社,8
9787513352673,横断浪途,七堇年,2023,新星出版社,8
9787552706673,我从未如此眷恋人间,史铁生汪曾祺等著,2022,文通天下,8
9787540483432,病隙碎笔,史铁生,2017,湖南文艺出版社,8
9787545219869,我的母亲做保洁,张小满,2023,光启书局,8
9787559481108,心闲天地宽,梁衡,2024,江苏凤凰文艺出版社,8
9787540478087,我与地坛,史铁生,2016,湖南文艺出版社,8
9787540458287,病隙碎笔,史铁生,2013,湖南文艺出版社,8
9787547740989,俗女养成记,江鹅,2021,北京日报出版社,8
9787547424568,我在西南联大的日子,汪曾祺,2018,山东画报出版社,8
9787519478872,只记花香不记年,麦铃,2024,光明日报出版社,8
9787559480828,你只是来体验生命的,李梦霁,2024,江苏凤凰文艺出版社,8
9787559672650,红尘万丈,铁鱼,2023,北京联合出版公司,8
9787218173153,我走入宁静蔚蓝的日子,[德]赫尔曼·黑塞,2024,广东人民出版社,8
9787569913538,人间有味,汪曾祺,2017,北京时代华文书局,8
9787505745919,听听那冷雨,余光中,2019,中国友谊出版公司,8
9787221173836,每一句话语都坐着别的眼睛,[德]赫塔·米勒,2023,贵州人民出版社,8
9787559652614,浮木,杨本芬,2021,北京联合出版公司,8
9787542669964,夜晚的潜水艇,陈春成,2020,上海三联书店,8
9787505756618,上野千鹤子的午后时光,[日]上野千鹤子,2023,中国友谊出版公司,8
9787519478018,听风八百遍，方知是人间,韦娜,2024,光明日报出版社,8
9787521216516,沿着塞纳河到翡冷翠,黄永玉,2023,作家出版社,8
9787540490423,人间好玩,蔡澜,2021,湖南文艺出版社,8
9787521757958,裸泳,[日]伊藤诗织,2023,中信出版社,8
9787532789290,普通读者,[英]弗吉尼亚·伍尔夫,2022,上海译文出版社,8
9787521756616,写下来，痛苦就会过去,[英]弗吉尼亚·伍尔夫著,2024,中信出版社,8
9787549635511,午夜降临前抵达,刘子超,2021,文汇出版社,8
9787108006639,笑傲江湖（全四册）,金庸,1994,生活·读书·新知三联书店,9
9787108012586,射雕英雄传,金庸,1999,生活·读书·新知三联书店,9
9787108006660,神雕侠侣,金庸,1994,生活·读书·新知三联书店,9
9787553819013,江湖的倒影,彭洁明,2024,岳麓书社,9
9787108012692,倚天屠龙记,金庸,1999,生活·读书·新知三联书店,9
9787546213347,射雕英雄传（新修版）,金庸,2013,广州出版社,9
9787108006721,天龙八部,金庸,1994,生活·读书·新知三联书店,9
9787546205618,射雕英雄传,金庸,2013,广州出版社,9
9787108006691,鹿鼎记,金庸,1994,生活·读书·新知三联书店,9
9787108006714,射雕英雄传,金庸,1994,生活·读书·新知三联书店,9
9787807658047,七种武器1：长生剑·孔雀翎,古龙,2013,河南文艺出版社,9
9787546206134,天龙八部,金庸,2011,广州出版社,9
9787807658085,萧十一郎,古龙,2013,河南文艺出版社,9
9787108012555,连城诀,金庸,1999,生活·读书·新知三联书店,9
9787807658597,三少爷的剑,古龙,2013,河南文艺出版社,9
9787807658955,绝代双骄,古龙,2013,河南文艺出版社,9
9787807658054,七种武器2：碧玉刀·多情环,古龙,2013,河南文艺出版社,9
9787807658061,七种武器3：离别钩·霸王枪,古龙,2013,河南文艺出版社,9
9787546213316,碧血剑（新修版）,金庸,2013,广州出版社,9
9787807657767,陆小凤传奇5：幽灵山庄,古龙,2013,河南文艺出版社,9
9787807657774,陆小凤传奇6：凤舞九天,古龙,2013,河南文艺出版社,9
9787807657781,陆小凤传奇7：剑神一笑,古龙,2013,河南文艺出版社,9
9787807657743,陆小凤传奇3：决战前后,古龙,2013,河南文艺出版社,9
9787807657750,陆小凤传奇4：银钩赌坊,古龙,2013,河南文艺出版社,9
9787807657736,陆小凤传奇2：绣花大盗,古龙,2013,河南文艺出版社,9
9787807657729,陆小凤传奇1：金鹏王朝,古龙,2013,河南文艺出版社,9
9787108006677,碧血剑,金庸,1994,生活·读书·新知三联书店,9
9787806553329,神雕侠侣（全四册）,金庸,2008,金庸作品集（新修版·平装）,9
9787536019270,逆水寒,温瑞安,1995,花城出版社,9
9787807658108,流星·蝴蝶·剑,古龙,2013,河南文艺出版社,9
9787806070628,欢乐英雄,古龙,2005,珠海出版社,9
9787544768252,隐剑孤影抄,藤泽周平著，李长声译,2018,译林出版社,9
9787020138609,三侠五义,(清)石玉昆述,2020,人民文学出版社,9
9787546200712,笑傲江湖,金庸,2011,广州出版社,9
9787806553299,书剑恩仇录（全二册）,金庸,2008,金庸作品集（新修版·平装）,9
9787807658542,猎鹰·赌局,古龙,2013,河南文艺出版社,9
9787806070659,情人箭（上下）,古龙,2005,珠海出版社,9
9787546213415,鹿鼎记（新修版）,金庸,2013,广州出版社,9
9787546206141,连城诀,金庸,2012,广州出版社,9
9787807658078,七种武器4：愤怒的小马·七杀手,古龙,2013,河南文艺出版社,9
9787546213378,倚天屠龙记（新修版）,金庸,2013,广州出版社,9
9787807658450,武林外史（上中下）,古龙,2013,河南文艺出版社,9
9787806070598,萧十一郎,古龙,2005,珠海出版社,9
9787108006615,书剑恩仇录,金庸,1994,生活·读书·新知三联书店,9
9787020098392,刀背藏身,徐皓峰,2013,人民文学出版社,9
9787521730555,刺客信条:王朝卷一,许先哲,2021,中信出版社,9
9787546213330,连城诀,金庸,2013,广州出版社,9
9787807658528,英雄无泪,古龙,2013,河南文艺出版社,9
9787807658474,白玉老虎,古龙,2013,河南文艺出版社,9
9787807658559,护花铃,古龙,2013,河南文艺出版社,9
9787806553398,笑傲江湖（全四册）,金庸,2008,金庸作品集（新修版·平装）,9
9787546201566,倚天屠龙记（全四册）,金庸,2009,广州出版社,9
9787806070635,大人物,古龙,2005,珠海出版社,9
9787805216379,萍踪侠影录,梁羽生,1996,广东旅游出版社,9
9787108012579,书剑恩仇录(上下),金庸,1999,生活·读书·新知三联书店,9
9787806553312,射雕英雄传（全四册）,金庸,2008,金庸作品集（新修版·平装）,9
9787559663016,隐武者,何大草,2022,北京联合出版公司,9
9786267025475,台灣武俠小說史(上/下),林保淳,2022,武侠风云系列,9
9787545564884,天下刀宗卷三,雨楼清歌,2021,天地出版社,9
9787545564891,天下刀宗：重刃,雨楼清歌,2021,天地出版社,9
9787020183517,庆余年·第十四卷：朝天子,猫腻,2023,人民文学出版社,9
9787108006646,雪山飞狐,金庸,1994,生活·读书·新知三联书店,9
9787807658962,失魂引,古龙,2013,河南文艺出版社,9
9787546213354,神雕侠侣（新修版）,金庸,2013,广州出版社,9
9787536022249,神州奇侠(正传)(1-4),温瑞安,1995,花城出版社,9
9787807657613,小李飞刀1：多情剑客无情剑（上中下）,古龙,2013,河南文艺出版社,9
9787533957780,吉祥纹莲花楼,藤萍,2019,浙江文艺出版社,9
9787802140332,昆仑1,凤歌,2005,团结出版社,9
9787550209398,量子江湖·燕子坞（上）,陈怅,2012,北京联合出版公司,9
9787550209404,量子江湖·燕子坞（下）,陈怅,2012,北京联合出版公司,9
9787546227863,古龙小说原貌探究,程维钧,2018,广州出版社,9
9787223005715,神雕侠侣,金庸,2011,广州出版社,9
9787549620692,七种武器（共四册）,古龙,2017,文汇出版社,9
9787546206172,碧血剑（全2册）,金庸,2012,广州出版社,9
9787020173778,苏旷传奇第一卷,飘灯,2022,人民文学出版社,9
9787108006684,倚天屠龙记,金庸,1994,生活·读书·新知三联书店,9
9787806073186,风铃中的刀声,古龙,2005,珠海出版社,9
9787533964825,六神磊磊读金庸,六神磊磊,2021,浙江文艺出版社,9
9787807658221,绝不低头,古龙,2013,河南文艺出版社,9
9787806152614,多情剑客无情剑,古龙,1991,海天出版社,9
9787806070550,名剑风流(上下册),古龙,2005,珠海出版社,9
9787520521529,七杀碑/民国武侠小说典藏文库,朱貞木,2021,中国文史出版社,9
9787806071816,楚留香新传（全三册）,古龙,2009,珠海出版社,9
9787520521499,五狮一凤·铁汉,朱贞木,2021,中国文史出版社,9
9787570221738,英雄志（新修版）（5-8卷）,孙晓,2021,长江文艺出版社,9
9787505724655,庆余年·陆,猫腻,2008,中国友谊出版公司,9
9787550020696,灵飞经Ⅰ,凤歌,2017,百花洲文艺出版社,9
9787550020702,灵飞经Ⅱ,凤歌,2017,百花洲文艺出版社,9
9787229002121,道者无心·海内篇Ⅱ,燕垒生,2009,重庆出版社,9
9787229002114,道者无心·海内篇Ⅰ,燕垒生,2009,重庆出版社,9
9787550218017,蜀山剑侠传（全10册）,还珠楼主,2013,北京联合出版公司,9
9787306041913,云海玉弓缘,梁羽生,2012,中山大学出版社,9
9787520509305,八剑十六侠,陆士谔,2019,中国文史出版社,9
9789571341873,覆雨翻雲修訂版卷一,黃易,2004,覆雨翻雲修訂版,9
9789571341880,覆雨翻雲修訂版卷二,黃易,2004,覆雨翻雲修訂版,9
9789571341897,覆雨翻雲修訂版卷三,黃易,2004,覆雨翻雲修訂版,9
9789571341903,覆雨翻雲修訂版卷四,黃易,2004,覆雨翻雲修訂版,9
9789571341910,覆雨翻雲修訂版卷五,黃易,2004,覆雨翻雲修訂版,9
9787805216317,慧剑心魔（上下）,梁羽生,1996,广东旅游出版社,9
9787805216331,狂侠天骄魔女（全四册）,梁羽生,1996,广东旅游出版社,9
9787573908896,控糖革命,[法]杰西·安佐斯佩（JessieInchauspé）,2024,浙江科学技术出版社,10
9787542678652,东京八平米,[日]吉井忍,2023,上海三联书店,10
9787536094352,我的阿勒泰,李娟,2021,花城出版社,10
9787572616389,小小小小的人间,李彬,2024,湖南文艺出版社,10
9787572609268,我在北京送快递,胡安焉,2023,湖南文艺出版社,10
9787513344180,阿勒泰的角落,李娟,2024,新星出版社,10
9787574901643,各自为爱的我们,小满,2024,花城出版社,10
9787545219869,我的母亲做保洁,张小满,2023,光启书局,10
9787532794133,世上为什么要有图书馆,杨素秋,2024,上海译文出版社,10
9787549641895,吃着吃着就老了,陈晓卿,2024,文汇出版社,10
9787572608582,长安的荔枝,马伯庸,2022,湖南文艺出版社,10
9787572610912,太白金星有点烦,马伯庸,2023,湖南文艺出版社,10
9787544276986,你当像鸟飞往你的山,塔拉·韦斯特弗,2019,南海出版公司,10
9787547744086,老派少女购物路线,洪爱珠,2023,北京日报出版社,10
9787536091078,记一忘三二,李娟,2020,花城出版社,10
9787570204946,我的阿勒泰,李娟,2018,长江文艺出版社,10
9787020139590,额尔古纳河右岸,迟子建,2019,人民文学出版社,10
9787500175643,超越百岁,彼得·阿提亚（PeterAttia）,2024,中译出版社,10
9787505754942,快乐就是哈哈哈哈哈,梁实秋,2022,中国友谊出版公司,10
9787559640666,秋园,杨本芬,2020,北京联合出版公司,10
9787515525310,走南闯北吃东西,高文麒,2024,金城出版社,10
9787115638137,你不必是一朵花,理微尘,2024,人民邮电出版社,10
9787218169507,豆子芝麻茶,杨本芬,2023,广东人民出版社,10
9787536097261,一句顶一万句,刘震云,2022,花城出版社,10
9787521755756,我还能看到多少次满月升起,[日]坂本龙一,2023,中信出版社,10
9787530214657,我们生活在巨大的差距里,余华,2015,北京十月文艺出版社,10
9787020181667,不理想的妻子,王欣,2024,人民文学出版社,10
9787559476395,外婆的小吃店,赵挺,2023,江苏凤凰文艺出版社,10
9787572249037,不便的便利店,[韩]金浩然,2023,浙江教育出版社,10
9787547748732,吧唧一口，全部吃掉,(日)高木直子,2024,北京日报出版社,10
9787559484550,十八岁出门远行,余华,2024,江苏凤凰文艺出版社,10
9787532796175,君幸食,[英]扶霞·邓洛普,2024,上海译文出版社,10
9787571436483,找出口的人,卡罗琳小姐,2024,北京科学技术出版社,10
9787201199559,在菜场，在人间,陈慧,2023,天津人民出版社,10
9787571431143,疯狂的尿酸,【美】戴维·珀尔马特,2023,北京科学技术出版社,10
9787559465900,整理师的家,卞栎淳,2024,江苏凤凰文艺出版社,10
9787544269223,撒哈拉的故事,三毛,2022,南海出版公司,10
9787505756618,上野千鹤子的午后时光,[日]上野千鹤子,2023,中国友谊出版公司,10
9787532793655,生活的囚徒,[爱尔兰]威廉·特雷弗,2023,上海译文出版社,10
9787101161847,素锦的香港往事,百合,2023,中华书局,10
9787115390578,亲密关系,[美]罗兰·米勒(RowlandS.Miller),2015,人民邮电出版社,10
9787572615962,洋食小川,小川糸,2024,湖南文艺出版社,10
9787516835265,明亮的夜晚,[韩]崔恩荣,2023,台海出版社,10
9787201175133,焦虑的人,弗雷德里克·巴克曼,2021,天津人民出版社,10
9787536097087,羊道·前山夏牧场,李娟,2022,花城出版社,10
9787536084469,遥远的向日葵地,李娟,2017,花城出版社,10
9787506331746,遥远的救世主,豆豆,2005,作家出版社,10
9787201161693,蛤蟆先生去看心理医生,[英]罗伯特·戴博德,2020,天津人民出版社,10
9787536097117,山居杂忆,高诵芬,2022,花城出版社,10
9787521747577,掌中花园,张辰亮,2022,中信出版集团,10
9787516834824,克拉克森的农场,[英]杰里米·克拉克森,2023,台海出版社,10
9787559485809,我栖春山,陆苏,2024,江苏凤凰文艺出版社,10
9787532186624,在小山和小山之间,李停,2023,上海文艺出版社,10
9787569538427,我比世界晚熟,胡安焉,2024,陕西师范大学出版社,10
9787533969608,命运,蔡崇达,2022,浙江文艺出版社,10
9787221173836,每一句话语都坐着别的眼睛,[德]赫塔·米勒,2023,贵州人民出版社,10
9787559648600,我们为什么要睡觉？,[英]马修·沃克,2021,北京联合出版公司,10
9787549639496,最优解人生,[美]比尔·帕金斯,2023,文汇出版社,10
9787572616709,女孩安全指南,田静·女孩别怕团队,2024,湖南文艺出版社,10
9787521752113,床，沙发，我的人生,[法]罗曼·莫内里,2023,中信出版集团,10
9787536099876,冬牧场,李娟,2023,花城出版社,10
9787213067792,最好的告别,[美]阿图·葛文德（AtulGawande）,2015,浙江人民出版社,10
9787540496647,生活蒙太奇,天然,2020,湖南文艺出版社,10
9787535481504,我的阿勒泰,李娟,2015,长江文艺出版社,10
9787513941242,金钱心理学,[美]摩根·豪泽尔,2023,民主与建设出版社,10
9787513312530,阿勒泰的角落,李娟,2013,新星出版社,10
9787115632036,万物皆可爱，开心就对了,没脑子的小明,2024,人民邮电出版社,10
9787544792745,一百年，许多人，许多事,杨苡/口述,2023,译林出版社,10
9787533966102,生死疲劳,莫言,2022,浙江文艺出版社,10
9787521760804,日常的深处,王小伟,2023,中信出版社,10
9787532758814,旅行的艺术,[英]阿兰·德波顿,2012,上海译文出版社,10
9787559673046,山海野趣是清欢,谈正衡,2024,北京联合出版公司,10
9787020083442,我与地坛,史铁生,2011,人民文学出版社,10
9787521726473,小狗钱钱,[德]博多·舍费尔,2021,中信出版集团,10
9787552706673,我从未如此眷恋人间,史铁生汪曾祺等著,2022,文通天下,10
9787559662170,带壳的牡蛎是大人的心脏,拟泥nini,2022,北京联合出版公司,10
9787516927045,走出焦虑,[英]约书亚·弗莱彻（JoshuaFletcher）,2024,华龄出版社,10
9787541160868,素食者,[韩]韩江,2024,四川文艺出版社,10
9787571425517,不原谅也没关系,[美]皮特•沃克,2023,北京科学技术出版社,10
9787541163449,大自然治好了我的抑郁症,[英]艾玛·米切尔,2022,四川文艺出版社,10
9787559673053,服美役,[意]毛拉·甘奇塔诺,2024,北京联合出版公司,10
9787220126437,暮色将尽,[英]戴安娜·阿西尔,2022,四川人民出版社,10
9787519478872,只记花香不记年,麦铃,2024,光明日报出版社,10
9787020171910,外面是夏天,[韩]金爱烂,2022,人民文学出版社,10
9787111495482,被讨厌的勇气,岸见一郎,2021,机械工业出版社,10
9787545219838,车墩墩野事记,周颖琪,2023,光启书局,10
9787121340109,救命！逆转和预防致命疾病的科学饮食,[美]迈克尔•格雷格,2018,电子工业出版社,10
9787559652614,浮木,杨本芬,2021,北京联合出版公司,10
9787516927021,能力饮食,(日)菊池洋匡,2024,华龄出版社,10
9787559485007,咖啡哪有上班苦,机灵囧囧,2024,江苏凤凰文艺出版社,10
9787541163050,幸得诸君慰平生,故园风雨前,2022,四川文艺出版社,10
9787572616693,一个人生活,[日]谷川俊太郎,2024,湖南文艺出版社,10
9787521754841,芒格之道,[美]查理·芒格,2023,中信出版集团,10
9787572612671,格里格外,天然,2024,湖南文艺出版社,10
9787572603990,两个人的小家,[日]沙织,2021,湖南文艺出版社,10
9787505757653,兔言兔语,[日]森山标子,2024,中国友谊出版公司,10
9787807639817,断舍离,山下英子,2013,广西科学技术出版社,10
9787544280020,你想活出怎样的人生,[日]吉野源三郎,2019,南海出版公司,10
9787530219218,人生海海,麦家,2019,北京十月文艺出版社,10
9787553522838,也许你该找个人聊聊,[美]洛莉·戈特利布,2021,上海文化出版社,10
9787532793921,北欧向左，美国向右？,[芬]阿努·帕塔宁,2024,上海译文出版社,11
9787559673053,服美役,[意]毛拉·甘奇塔诺,2024,北京联合出版公司,11
9787572609268,我在北京送快递,胡安焉,2023,湖南文艺出版社,11
9787532794133,世上为什么要有图书馆,杨素秋,2024,上海译文出版社,11
9787208171336,置身事内,兰小欢,2021,上海人民出版社,11
9787545219869,我的母亲做保洁,张小满,2023,光启书局,11
9787572608582,长安的荔枝,马伯庸,2022,湖南文艺出版社,11
9787542684738,小镇做题家,谢爱磊,2024,上海三联书店,11
9787545823172,移民路上的生与死,[美]杰森·德莱昂,2024,上海书店出版社,11
9787305266270,资本主义现实主义,[英]马克·费舍,2024,南京大学出版社,11
9787807682158,小镇喧嚣,吴毅,2018,生活·读书·新知三联书店,11
9787218173863,我在上海开出租,黑桃,2024,广东人民出版社,11
9787572610912,太白金星有点烦,马伯庸,2023,湖南文艺出版社,11
9787533966102,生死疲劳,莫言,2022,浙江文艺出版社,11
9787532189922,可能的世界,杨潇,2024,上海文艺出版社,11
9787559640666,秋园,杨本芬,2020,北京联合出版公司,11
9787552036107,工作、消费主义和新穷人,[英]齐格蒙特·鲍曼,2021,上海社会科学院出版社,11
9787551169639,早安，怪物,凯瑟琳·吉尔迪纳,2024,花山文艺出版社,11
9787020139590,额尔古纳河右岸,迟子建,2019,人民文学出版社,11
9787559863034,是我的错吗？,[韩]吴赞镐,2024,广西师范大学出版社,11
9787559641182,绝叫,[日]叶真中显,2020,北京联合出版公司,11
9787221178954,为何生活越来越像走钢索,[美］尼可拉斯·D.克里斯多夫,2024,贵州人民出版社,11
9787542683700,嫉妒与社会,[德]赫尔穆特·舍克,2024,上海三联书店,11
9787532186754,多谈谈问题,吴琦,2023,上海文艺出版社,11
9787020181667,不理想的妻子,王欣,2024,人民文学出版社,11
9787513349369,始于极限,[日]上野千鹤子,2022,新星出版社,11
9787521731460,精英的傲慢,[美]迈克尔·桑德尔,2021,中信出版社,11
9787213112201,打破社交媒体棱镜,［美］克里斯·贝尔,2024,浙江人民出版社,11
9787213113345,倍速社会,稻田丰史,2024,浙江人民出版社,11
9787521765175,是家人，也是凶手,日本NHK特别节目录制组,2024,中信出版社,11
9787222204331,法治的细节,罗翔,2021,云南人民出版社,11
9787020159611,东京贫困女子,[日]中村淳彦,2021,人民文学出版社,11
9787523604304,过劳,[美]艾琳·L.凯利(ErinL.Kelly),2024,中国科学技术出版社,11
9787542636492,以利为利,周飞舟,2012,上海三联书店,11
9787509763247,筚路维艰,萧冬连,2014,社会科学文献出版社,11
9787208187511,红药丸与厌女症,[美]多娜·扎克伯格,2024,上海人民出版社,11
9787521764758,脉络,吴军,2024,中信出版社,11
9787536094352,我的阿勒泰,李娟,2021,花城出版社,11
9787545219753,厌女,[日]上野千鹤子,2023,光启书局,11
9787208062153,乡土中国,费孝通,2006,上海人民出版社,11
9787513355353,包刚升政治学讲义,包刚升,2024,新星出版社,11
9787542678652,东京八平米,[日]吉井忍,2023,上海三联书店,11
9787571434502,生而无权,[特多]埃里克·威廉斯,2024,北京科学技术出版社,11
9787549641895,吃着吃着就老了,陈晓卿,2024,文汇出版社,11
9787229167127,饥饿的盛世,张宏杰,2022,重庆出版社,11
9787509785836,她身之欲,丁瑜,2016,社会科学文献出版社,11
9787549637300,同意,[法]瓦内莎·斯普林格拉,2023,文汇出版社,11
9787542643216,叫魂,[美]孔飞力,2014,孔飞力著作集,11
9787513352734,我，厌男,[法]波利娜·阿尔芒热,2023,新星出版社,11
9787542680525,凯列班与女巫,[意]西尔维娅·费代里奇,2023,上海三联书店,11
9787559675583,语言恶女,[美]阿曼达·蒙特尔,2024,北京联合出版公司,11
9787549637317,足利女童连续失踪事件,[日]清水洁,2022,文汇出版社,11
9787208182714,县中的孩子,林小英,2023,上海人民出版社,11
9787559852533,翦商,李硕,2022,广西师范大学出版社,11
9787516835265,明亮的夜晚,[韩]崔恩荣,2023,台海出版社,11
9787214282873,压缩现代性下的韩国,[韩]张庆燮,2024,江苏人民出版社,11
9787530214657,我们生活在巨大的差距里,余华,2015,北京十月文艺出版社,11
9787222221833,法律的悖论,罗翔,2023,云南人民出版社,11
9787559848048,可能性的艺术,刘瑜,2022,广西师范大学出版社,11
9787208187467,屏幕上的受苦者,[德]黑特·史德耶尔（HitoSteyerl）,2024,上海人民出版社,11
9787513348744,第七天,余华,2023,新星出版社,11
9787532175512,消失的13级台阶,[日]高野和明,2020,上海文艺出版社,11
9787559860286,脏活,[美]埃亚勒·普雷斯,2023,广西师范大学出版社,11
9787115470294,大学之路（第二版）,吴军,2017,人民邮电出版社,11
9787521704693,倦怠社会,[德]韩炳哲,2019,见识城邦,11
9787520112178,权力与特权,[美]格尔哈特·伦斯基,2018,社会科学文献出版社,11
9787553520643,平面国,[英]埃德温·A.艾勃特,2020,上海文化出版社,11
9787506365697,兄弟,余华,2012,作家出版社,11
9787536084469,遥远的向日葵地,李娟,2017,花城出版社,11
9787559672377,命悬一线我不放手,薄世宁,2023,北京联合出版公司,11
9787532777914,鱼翅与花椒,[英]扶霞·邓洛普,2018,上海译文出版社,11
9787553518510,回归故里,[法]迪迪埃·埃里蓬,2020,上海文化出版社,11
9787305269387,将熟悉变为陌生,[英]齐格蒙·鲍曼,2023,南京大学出版社,11
9787544280914,惊呆了！原来这就是社会学,［日］田中正人,2021,南海出版公司,11
9787542679307,要命还是要灵魂,[美]安妮·法迪曼,2023,上海三联书店,11
9787020035250,沧浪之水,阎真,2001,人民文学出版社,11
9787301174821,乡土中国,费孝通,2012,北京大学出版社,11
9787532188161,我们从未中产过,[以]豪道斯·魏斯,2024,上海文艺出版社,11
9787532761760,局外人,(法)阿尔贝·加缪,2013,上海译文出版社,11
9787547744482,疼痛部,[荷]杜布拉夫卡·乌格雷西奇,2023,北京日报出版社,11
9787532185610,最后的耍猴人,马宏杰,2023,上海文艺出版社,11
9787572613593,恶魔之家,[日]石井光太,2024,湖南文艺出版社,11
9787513349611,看不见的女性,卡罗琳·克里亚多·佩雷斯,2022,新星出版社,11
9787020171774,你的夏天还好吗？,[韩国]金爱烂,2022,人民文学出版社,11
9787521754797,去他的父权制,[法]玛蒂尔德·拉雷尔,2023,中信出版社,11
9787521741667,繁荣与停滞,伊藤隆敏,2022,中信出版社,11
9787513345651,Blue,[日]叶真中显,2021,新星出版社,11
9787552042139,工作、消费主义和新穷人,[英]齐格蒙特·鲍曼,2023,上海社会科学院出版社,11
9787218113715,制造消费者,[法]安东尼·加卢佐,2022,广东人民出版社,11
9787300236476,世界的苦难,[法]皮埃尔·布尔迪厄,2017,中国人民大学出版社,11
9787533941833,论人类不平等的起源和基础,［法］让-雅克·卢梭,2015,浙江文艺出版社,11
9787559671509,游戏与人,［法］罗歇·凯卢瓦（RogerCaillois）,2024,北京联合出版公司,11
9787537823425,边城,沈从文,2002,北岳文艺出版社,11
9787010091006,办公厅工作常见的160个问题与114个失误事例,杨殿钟,2010,人民出版社,11
9787513351201,盐镇,易小荷,2023,新星出版社,11
9787506055574,八次危机,温铁军等,2013,东方出版社,11
9787301341537,人情、面子与权力的再生产,翟学伟,2023,北京大学出版社,11
9787530219218,人生海海,麦家,2019,北京十月文艺出版社,11
9787532751471,局外人,[法]阿尔贝·加缪,2010,上海译文出版社,11
9787213111815,寄生首尔,[韩]李惠美,2023,浙江人民出版社,11
9787536692930,三体,刘慈欣,2008,重庆出版社,12
9787536693968,三体Ⅱ,刘慈欣,2008,重庆出版社,12
9787229030933,三体Ⅲ,刘慈欣,2010,重庆出版社,12
9787544782173,索拉里斯星,[波]斯坦尼斯瓦夫·莱姆,2021,译林出版社,12
9787544787352,挽救计划,[美]安迪·威尔,2021,译林出版社,12
9787553520643,平面国,[英]埃德温·A.艾勃特,2020,上海文化出版社,12
9787544785631,未来学大会,[波]斯坦尼斯瓦夫·莱姆,2021,译林出版社,12
9787539957173,永恒的终结,[美]艾萨克·阿西莫夫,2014,江苏凤凰文艺出版社,12
9787508672717,人生复本,[美国]布莱克·克劳奇,2017,中信出版社,12
9787549565115,献给阿尔吉侬的花束,[美]丹尼尔·凯斯,2015,广西师范大学出版社,12
9787536455382,球状闪电,刘慈欣,2005,四川科学技术出版社,12
9787572614675,失去的过去与未来的犯罪,[日]小林泰三,2024,湖南文艺出版社,12
9787229042066,三体全集,刘慈欣,2012,重庆出版社,12
9787572704864,如果我们无法以光速前行,[韩]金草叶,2022,四川科学技术出版社,12
9787513355391,行星仪轨,暗号,2024,新星出版社,12
9787122346032,克莱因壶,[日]冈岛二人,2019,化学工业出版社,12
9787544756426,仿生人会梦见电子羊吗？,[美]菲利普·迪克,2017,译林出版社,12
9787513350440,祈祷之海,[澳]格雷格·伊根,2023,新星出版社,12
9787513352413,星之创造者,[日]谷甲州,2024,新星出版社,12
9787569066906,赛博遗产,九伏,2024,四川大学出版社,12
9787532170692,2001：太空漫游,[英]阿瑟·克拉克,2019,上海文艺出版社,12
9787544752473,你一生的故事,[美]特德·姜,2015,译林出版社,12
9787521757965,巴别塔,[美]匡灵秀,2023,中信出版集团,12
9787544779319,呼吸,[美]特德·姜,2019,译林出版社,12
9787559674272,宇宙无事发生,[美]弗雷德里克·布朗,2024,北京联合出版公司,12
9787550291225,黑暗的左手,[美]厄休拉·勒古恩,2017,北京联合出版公司,12
9785214589626,三体全集,刘慈欣,2018,读客文化,12
9787539967363,沙丘,[美]弗兰克·赫伯特,2017,江苏凤凰文艺出版社,12
9787539978529,神们自己,[美]艾萨克·阿西莫夫,2014,江苏凤凰文艺出版社,12
9787575301176,科幻之路,[美]詹姆斯·冈恩主编,2024,译林出版社,12
9787559478689,阿西莫夫科幻短篇全集1,[美]艾萨克·阿西莫夫,2023,江苏凤凰文艺出版社,12
9787536099760,地球尽头的温室,金草叶,2023,花城出版社,12
9787513342094,星之继承者,[英]詹姆斯·P.霍根,2021,新星出版社,12
9787559470560,意识上传中,[澳]格雷格·伊根,2022,江苏凤凰文艺出版社,12
9787521748390,我们生活在南京,天瑞说符,2022,中信出版社,12
9787547744048,人类灭绝,[日]高野和明,2023,北京日报出版社,12
9787569065602,卞和与玉,东心爰,2024,四川大学出版社,12
9787555913726,献给阿尔吉侬的花束,[美]丹尼尔·凯斯,2022,河南文艺出版社,12
9787539964799,机器人短篇全集,[美]艾萨克·阿西莫夫,2014,江苏文艺出版社,12
9787559416551,与罗摩相会,[英]阿瑟·克拉克,2018,江苏凤凰文艺出版社,12
9787505757356,行星语书店,[韩]金草叶,2024,中国友谊出版公司,12
9787539983295,银河帝国1：基地,[美]艾萨克·阿西莫夫,2015,江苏凤凰文艺出版社,12
9787569926910,醉步男,[日]小林泰三,2019,北京时代华文书局,12
9787544798587,逃离未来,(日)小林泰三,2023,译林出版社,12
9787536484276,球状闪电,刘慈欣,2016,四川科学技术出版社,12
9787539983356,银河帝国：基地七部曲,[美]艾萨克·阿西莫夫,2015,江苏凤凰文艺出版社,12
9787544779364,你一生的故事,[美]特德·姜,2019,译林出版社,12
9787536481077,带上她的眼睛,刘慈欣,2015,四川科学技术出版社,12
9787569066920,死者长鸣,凉言,2024,四川大学出版社,12
9787550184497,地球上最后的敲门声,[美]弗雷德里克·布朗,2024,南方出版社,12
9787575300124,科幻之路1,[美]詹姆斯·冈恩主编,2024,译林出版社,12
9787544784344,其主之声,[波]斯坦尼斯瓦夫·莱姆,2021,译林出版社,12
9787559420053,神的九十亿个名字,[英]阿瑟·克拉克,2018,江苏凤凰文艺出版社,12
9787536493759,流浪地球,刘慈欣,2019,四川科学技术出版社,12
9787544757225,火星救援,[美]安迪·威尔,2015,译林出版社,12
9787900516176,三体1,刘慈欣,2018,三体,12
9787569539356,最后一个人,[英]玛丽·雪莱,2024,陕西师范大学出版社,12
9787573506092,米奇7号,[美]爱德华·阿什顿,2024,南海出版公司,12
9787569066913,铁镜·面孔,谭钢,2024,四川大学出版社,12
9787532757350,宇宙尽头的餐馆,[英]道格拉斯·亚当斯,2012,上海译文出版社,12
9787513335744,世界杂货店,[美]罗伯特·谢克里,2019,新星出版社,12
9787559642325,小蘑菇,一十四洲,2020,北京联合出版公司,12
9787572712791,星云ⅩⅣ,王诺诺,2024,四川科学技术出版社,12
9787541151293,变化的位面,[美]厄休拉·勒古恩,2018,四川文艺出版社,12
9787547739792,盲视,[加]彼得·沃茨,2021,理想国,12
9787544784948,惨败,[波]斯坦尼斯瓦夫·莱姆,2021,译林出版社,12
9787521735345,山,刘慈欣,2021,中信出版集团,12
9787549641901,恐怖呢喃,贵志祐介,2024,文汇出版社,12
9787559608062,世界的词语是森林,[美]厄休拉·勒古恩,2017,北京联合出版公司,12
9787545579239,世界科幻史：一场漫画奇旅,格扎维埃·多洛,2024,天地出版社,12
9787559474940,数字永生计划,[澳]格雷格·伊根,2024,江苏凤凰文艺出版社,12
9787533964566,机器人大师,[波兰]斯塔尼斯瓦夫·莱姆,2021,浙江文艺出版社,12
9787572612312,破烂回收店,[日]小林泰三,2023,湖南文艺出版社,12
9787536485679,十三层空间,[美]丹尼尔·加卢耶,2017,四川科学技术出版社,12
9787532774685,美丽新世界,【英】奥尔德斯·赫胥黎,2017,上海译文出版社,12
9787550188686,穹顶之下,[美]弗雷德里克·布朗,2024,南方出版社,12
9787549622559,海伯利安四部曲,[美]丹•西蒙斯,2017,文汇出版社,12
9787540471248,中国科幻基石丛书·三体（全三册）,刘慈欣,2008,重庆出版社,12
9787536494220,龙蛋,[美]罗伯特·福沃德,2019,四川科学技术出版社,12
9787553452937,海伯利安,[美]丹·西蒙斯,2014,吉林出版集团,12
9787020184866,天帆,江波,2024,人民文学出版社,12
9787539951331,神经漫游者,[美]威廉·吉布森,2013,江苏凤凰文艺出版社,12
9787536454583,深渊上的火,[美]弗诺·文奇,2004,四川科学技术出版社,12
9787532786831,克拉拉与太阳,[英]石黑一雄,2021,上海译文出版社,12
9787539981147,沙丘2,[美]弗兰克·赫伯特,2017,江苏凤凰文艺出版社,12
9787513352062,艾比斯之梦,[日]山本弘,2023,新星出版社,12
9787229108250,超新星纪元,刘慈欣,2016,重庆出版社,12
9787539983493,童年的终结,[英]阿瑟·克拉克,2018,江苏凤凰文艺出版社,12
9787569934663,全息玫瑰碎片,[美]威廉·吉布森,2021,北京时代华文书局,12
9787555913740,寻获与失落,[美国]厄休拉·勒古恩,2022,河南文艺出版社,12
9787553528540,夺取群星,[美]布兰登·桑德森,2023,上海文化出版社,12
9787513350839,快乐的理由,[澳]格雷格·伊根,2023,新星出版社,12
9787532759675,生命，宇宙以及一切,(英)道格拉斯·亚当斯,2013,上海译文出版社,12
9787532754687,银河系搭车客指南,[英]道格拉斯·亚当斯,2011,上海译文出版社,12
9787544756556,少数派报告,[美]菲利普·迪克,2017,译林出版社,12
9787533973551,我们决定离开这颗星球,[韩]千先兰,2024,浙江文艺出版社,12
9787555913139,五号屠场,[美]库尔特·冯内古特,2022,河南文艺出版社,12
9787514240900,负零,[日]广濑正,2024,文化发展出版社,12
9787572703386,星际旅行日记,[波]斯坦尼斯瓦夫·莱姆,2022,四川科学技术出版社,12
9787532170791,2061：太空漫游,[英]阿瑟·克拉克,2019,上海文艺出版社,12
9787572610912,太白金星有点烦,马伯庸,2023,湖南文艺出版社,13
9787513353724,干得漂亮,脱不花,2024,新星出版社,13
9787572608582,长安的荔枝,马伯庸,2022,湖南文艺出版社,13
9787115638786,人人都要学点劳动法,任康磊,2024,人民邮电出版社,13
9787513344708,沟通的方法,脱不花,2021,新星出版社,13
9787121475016,工作的心智,阳志平,2024,电子工业出版社,13
9787115642417,团队复盘法,李婧怡,2024,人民邮电出版社,13
9787010091006,办公厅工作常见的160个问题与114个失误事例,杨殿钟,2010,人民出版社,13
9787559485007,咖啡哪有上班苦,机灵囧囧,2024,江苏凤凰文艺出版社,13
9787559675019,我有自己的宇宙,钱婧,2024,北京联合出版公司,13
9787111745341,结构化汇报：如何呈现工作成果、产品与自我能力,黄漫宇,2024,机械工业出版社,13
9787572609268,我在北京送快递,胡安焉,2023,湖南文艺出版社,13
9787521745276,小米创业思考,雷军,2022,中信出版社,13
9787511741677,职场女性：别让这些细节绊住你,[美]洛伊斯·弗兰克尔,2022,中央编译出版社,13
9787572618529,别把我当朋友,常条,2024,湖南文艺出版社,13
9787020090907,第2份工作,京宝儿,2012,人民文学出版社,13
9787115630230,实用行为学,[德]马蒂亚斯·祖特尔（MatthiasSutter）,2024,人民邮电出版社,13
9787521758184,第一选择,[美]英德拉·努伊,2024,中信出版集团,13
9787530221525,沧浪之水,阎真,2021,北京十月文艺出版社,13
9787559479693,每个人都有自己的职场优势,崔璀,2023,江苏凤凰文艺出版社,13
9787302464778,秘书工作手记,像玉的石头,2017,清华大学出版社,13
9787302651611,坦途：职业生涯如何少走弯路,路烽,2024,清华大学出版社,13
9787572270307,如何对付像马一样大的鸭子,[美]威廉·庞德斯通（WilliamPoundstone）著,2024,浙江教育出版社,13
9787111566199,关键冲突：如何化人际关系危机为合作共赢（原书第2版）,[美]科里•帕特森（KerryPatterson）,2017,机械工业出版社,13
9787513943239,深度工作,[美]卡尔•纽波特,2023,民主与建设出版社,13
9787559612168,远见,[美]布赖恩·费瑟斯通豪,2018,北京联合出版公司,13
9787550295469,10人以下小团队管理手册,[日]堀之内克彦,2017,北京联合出版公司,13
9787210092407,靠谱,[日]大石哲之,2017,江西人民出版社,13
9787504388025,终身成长,[德]布什·霍尔菲尔德·卡特琳,2022,中国广播影视出版社,13
9787547015469,职场动物进化手册,雾满拦江,2011,万卷出版公司,13
9787559672100,识人攻略,熊太行,2023,北京联合出版公司,13
9787515360430,高效能人士的七个习惯（30周年纪念版）,（美）史蒂芬·柯维,2020,中国青年出版社,13
9787115625885,职场胜任力：职场的关键3年这样做,杨明,2023,人民邮电出版社,13
9787121453557,技术为径,[美]CamilleFournier,2023,电子工业出版社,13
9787115396730,向上管理,蒋巍巍,2015,人民邮电出版社,13
9787541166051,六个说谎的大学生,[日]浅仓秋成,2023,四川文艺出版社,13
9787572616099,食南之徒,马伯庸,2024,湖南文艺出版社,13
9787508684031,原则,[美]瑞·达利欧,2018,中信出版社,13
9787508694795,做自己人生的CEO,崔璀,2018,中信出版社,13
9787229038847,二号首长,黄晓阳,2011,重庆出版社,13
9787547746660,进化：快速打开局面的职场丛林法则,（日）仲山进也,2024,北京日报出版社,13
9787111726340,如何找到想做的事,八木仁平,2023,机械工业出版社,13
9787121046964,职场小黑书,[美]杰弗里·吉特默,2007,电子工业出版社,13
9787108071569,职场妈妈不下班,[美]阿莉·拉塞尔·霍克希尔德,2021,生活·读书·新知三联书店,13
9787521761290,智者不入爱河,陈之遥,2024,中信出版集团,13
9787115579713,效率脑科学,[美]戴维•罗克（DavidRock）,2022,图灵新知,13
9787536079113,大明王朝1566,刘和平,2016,花城出版社,13
9787521726923,大使衣橱,傅莹,2021,中信出版社,13
9787559480828,你只是来体验生命的,李梦霁,2024,江苏凤凰文艺出版社,13
9787513929547,隐形领导力,少毅,2020,民主与建设出版社,13
9787542654656,工作的意义,提摩太·凯勒,2016,上海三联书店,13
9787513356367,带团队的方法,汤君健,2024,新星出版社,13
9787521719321,投行职业进阶指南,王大力,2020,中信出版社,13
9787550226425,交办的技术,[日]小仓广,2015,北京联合出版公司,13
9787516833292,高情商HR的底层逻辑,王萍,2022,台海出版社,13
9787115516763,凤凰项目（修订版）,[美]吉恩•金,2019,人民邮电出版社,13
9787111664949,麦肯锡晋升法则：47个小原则创造大改变,[英]服部周作（ShuHattori）,2020,机械工业出版社,13
9787111665649,极简项目管理：让目标落地、把事办成并使成功可复制的方法论,郭致星,2020,机械工业出版社,13
9787111663850,像高手一样发言,久久,2021,机械工业出版社,13
9787115592033,我为什么要听你的,[法]伊莎贝尔·娜扎雷-阿加著,2022,人民邮电出版社,13
9787301134061,圆通的人际关系,曾仕强,2008,北京大学出版社,13
9787220135156,未经删节,[英]戴安娜·阿西尔,2024,四川人民出版社,13
9787508673172,阿里铁军,宋金波,2017,中信出版社,13
9787522519845,影响力的底层逻辑,[英]马克·郭士顿,2024,九州出版社,13
9787508646244,向前一步,谢丽尔•桑德伯格,2014,中信出版社,13
9787111738244,职场破局：打造职场七种底层能力,木沐,2024,机械工业出版社,13
9787544294829,金字塔原理,[美]芭芭拉•明托,2019,南海出版公司,13
9787547057117,贝佐斯如何开会,[日]佐藤将之,2021,万卷出版公司,13
9787111727699,深度关系,[美]大卫·布拉德福德,2023,机械工业出版社,13
9787545219869,我的母亲做保洁,张小满,2023,光启书局,13
9787559478535,像我这样的人，就该灿烂过一生,庆哥,2024,江苏凤凰文艺出版社,13
9787515326399,高效能人士的七个习惯,史蒂芬·柯维(StephenR.Covey),2015,中国青年出版社,13
9787301108154,输赢,付遥,2006,北京大学出版社,13
9787201201931,做自己，其他的交给时间,张丹茹,2024,天津人民出版社,13
9787549642151,不急,Cissy施丝,2024,文汇出版社,13
9787111648086,结构化表达,黄漫宇,2020,机械工业出版社,13
9787111714385,关键对话（原书第3版）,约瑟夫·格雷尼（JosephGrenny）,2022,机械工业出版社,13
9787810017824,怎样对付小报告,王凡,1997,中央民族大学出版社,13
9787539987149,华杉讲透《孙子兵法》（修订版）,华杉,2016,江苏文艺出版社,13
9787508651248,乔布斯的魔力演讲,[美]卡迈恩·加洛,2015,中信出版社,13
9787548619925,更重要的是过好今天,bilibili编著,2024,学林出版社,13
9787507411287,老实人启蒙,方洲,1999,中国城市出版社,13
9787200076509,小强升职记,邹鑫,2009,北京出版社,13
9787522915470,极简财富学：理财小白的致富密,郭施亮,2024,中国纺织出版社,13
9787576040005,离开学术界,[美]克里斯托弗·卡特林,2023,华东师范大学出版社,13
9787559646996,冯唐成事心法,馮唐,2020,北京联合出版公司,13
9787522131702,被动成交,[美]埃里克·洛夫霍尔姆（EricLofholm）,2024,中国科学技术出版社,13
9787508634340,谈判力,罗杰·费希尔,2012,中信出版社,13
9787533969066,下班后开始新的一天,[韩]柳韩彬,2022,浙江文艺出版社,13
9787559647184,虽然痛苦到崩溃，却无法辞职的理由,（日）汐街可奈/著,2021,青豆书坊,13
9787521754650,松弛感,胡渐彪,2023,中信出版集团,13
9787550262652,横向领导力,[美]罗杰·费希尔（RogerFisher）,2015,北京联合出版公司,13
9787111730972,精准求职,七芊,2023,机械工业出版社,13
9787508643946,异类,马尔科姆·格拉德威尔,2014,中信出版社,13
9787550298637,艰难的制造,阿耐,2017,北京联合出版公司,13
9787504692122,其实我不讨厌你,[美]肖恩达·莱基,2021,中国科学技术出版社,13
9787115552365,麦肯锡结构化战略思维,周国元,2021,人民邮电出版社,13
9787539655239,城中之城,滕肖澜,2020,安徽文艺出版社,13
9787115584250,即兴演讲,[加]朱迪思·汉弗莱,2022,人民邮电出版社,13
9787521736533,力量从哪里来,李一诺,2021,漫游者,13
9787208187467,屏幕上的受苦者,[德]黑特·史德耶尔（HitoSteyerl）,2024,上海人民出版社,14
9787208188105,回音室,[英]柯律格,2024,上海人民出版社,14
9787208186675,审美即信仰,郭婷,2024,上海人民出版社,14
9787108077936,天人之际,[美]巫鸿,2024,生活·读书·新知三联书店,14
9787559867766,新浪潮,[法]安托万·德巴克,2024,广西师范大学出版社,14
9787542684400,伦勃朗的眼睛,[英]西蒙·沙玛,2024,上海三联书店,14
9787535692313,博斯,[美]劳琳达·狄克逊,2024,湖南美术出版社,14
9787574113251,不必向长安,金哲为,2024,江苏凤凰美术出版社,14
9787542683083,如何打开中国艺术,[美]包华石,2024,上海三联书店,14
9787532189793,古典音乐界的亚洲人,[美]吉原真里,2024,上海文艺出版社,14
9787549586646,现代艺术150年,[英]威尔·贡培兹,2017,广西师范大学出版社,14
9787301348420,观无量,苗子兮,2024,北京大学出版社,14
9787572616662,小顾聊绘画·叁,顾爷,2024,湖南文艺出版社,14
9787574009486,早春的中国,[日]久保田博二,2024,四川美术出版社,14
9787521762112,创作与爱,[芬兰]图拉·卡尔亚莱宁,2024,中信出版集团,14
9787305261435,艺术批评入门,[美]克尔·休斯顿,2024,南京大学出版社,14
9787559481788,巴黎月色下,[法]乔治·巴比尔等绘,2024,江苏凤凰文艺出版社,14
9787574603950,意大利文艺复兴时期的宫廷,[英]艾莉森·科尔,2024,湖南美术出版社,14
9787559672827,街头诗人,[美]薇薇安·迈尔/摄,2024,北京联合出版公司,14
9787208184787,思考尺度,(美)巫鸿著,2024,上海人民出版社,14
9787559863607,脸庞，锋芒,[墨]乌戈·韦尔塔·马林,2024,广西师范大学出版社,14
9787301343623,四时之外,朱良志,2023,北京大学出版社,14
9787511744456,画框中的女性,[英]凯瑟琳·麦科马克,2024,中央编译出版社,14
9787221176257,图像,[意]里卡尔多·法尔奇内利,2023,贵州人民出版社,14
9787558087233,意大利文艺复兴新艺术史,[美]斯蒂芬·J.坎贝尔,2024,江苏凤凰美术出版社,14
9787553528687,壮游欧洲,[法]克洛德·布埃莱,2024,上海文化出版社,14
9787572616389,小小小小的人间,李彬,2024,湖南文艺出版社,14
9787100201155,摹神记,[英]约翰·拉斯金,2024,商务印书馆,14
9787108072870,空间的敦煌,巫鸿,2022,生活·读书·新知三联书店,14
9787532794874,入木三分,[美]约翰·厄普代克,2024,上海译文出版社,14
9787100226530,肯尼斯·克拉克,[英]詹姆斯·斯托顿,2024,商务印书馆,14
9787545219937,发现可爱,[日]原田治,2024,光启书局,14
9787545219944,原田治的美术笔记,[日]原田治,2024,光启书局,14
9787513352697,理解漫画,[美]斯科特·麦克劳德,2024,新星出版社,14
9787521755756,我还能看到多少次满月升起,[日]坂本龙一,2023,中信出版社,14
9787507236774,会讲故事的中国艺术,邱雯著者,2024,中国中福会出版社,14
9787301331880,溪山清远,(美)高居翰,2022,北京大学出版社,14
9787305277214,李安访谈录,[美]卡拉·雷·富勒编,2024,南京大学出版社,14
9787550740198,莫娜的眼睛,托马·施莱塞,2024,深圳出版社,14
9787214278692,米芾,[美]石慢,2024,江苏人民出版社,14
9787571023744,昆虫的艺术,[英]列文·比斯,2024,湖南科学技术出版社,14
9787301336168,艺术：让人成为人,[美]理查德·加纳罗,2023,北京大学出版社,14
9787575300100,齐美尔论艺术,[德]格奥尔格·齐美尔,2024,译林出版社,14
9787574601161,如何解读东方地毯,[美]沃尔特·B.丹尼,2024,湖南美术出版社,14
9787552043358,艺术无处不在,[英]陈埃莉著,2024,上海社会科学院出版社,14
9787522524818,照夜白,韦羲,2024,九州出版社,14
9787122352606,众神的样子,江逐浪,2020,化学工业出版社,14
9787572612671,格里格外,天然,2024,湖南文艺出版社,14
9787108060273,图说敦煌二五四窟,陈海涛,2017,生活·读书·新知三联书店,14
9787559676610,穿过尘世闪耀的光：艺术的发生,罗伯特·亚当斯,2024,北京联合出版公司,14
9787532188680,寂静的剧场,[美]马克·斯特兰德,2024,上海文艺出版社,14
9787533497620,认识中世纪手抄本,[德]安雅·格雷贝,2024,福建教育出版社,14
9787559617224,梵高手稿（典藏修订版）,[荷]文森特·梵高著,2018,北京联合出版公司,14
9787559672704,海外馆藏中国文物精粹,寇勤主编,2024,北京联合出版公司,14
9787535688804,现代艺术史,[美]H.H.阿纳森,2020,湖南美术出版社,14
9787208184749,从昨日醒来,[美]帕蒂·史密斯,2024,上海人民出版社,14
9787513352383,中国书法通识,方建勋,2023,新星出版社,14
9787573506085,变与不变,铃木敏夫,2024,南海出版公司,14
9787220111846,艺术与视知觉,[美]鲁道夫·阿恩海姆,2019,四川人民出版社,14
9787521762167,解码当代艺术：泰特美术馆的视觉密码,[英]杰茜卡·切拉西,2024,中信出版集团,14
9787554027806,形理两全,陈水华,2024,浙江古籍出版社,14
9787208176393,中国艺术史,(英)迈克尔·苏立文,2022,上海人民出版社,14
9787542684356,韩国电影100年,范小青,2024,上海三联书店,14
9787547933091,礼仪与奉献,巫鸿编著,2024,上海书画出版社,14
9787559865427,石上众生,萧易,2024,广西师范大学出版社,14
9787535681027,詹森艺术史（插图第7版）,[美]H.W.詹森,2017,湖南美术出版社,14
9787541161056,我们这一代,肖全,2021,四川文艺出版社,14
9787574008885,名家大手笔,商务印书馆（香港）编辑出版部,2024,四川美术出版社,14
9787559485410,无尽藏：苏轼的书画艺术精神,南京博物院,2024,江苏凤凰文艺出版社,14
9787203128427,西方艺术三万年,王瑞芸,2023,山西人民出版社,14
9787522524795,小山重叠,韦羲,2024,九州出版社,14
9787559675576,看见女性艺术家,[英]苏茜·霍奇,2024,北京联合出版公司,14
9787532794089,浮光掠影,[美]约翰·厄普代克,2024,上海译文出版社,14
9787521757583,感动，如此创造,[日]久石让,2024,中信出版集团,14
9787564937881,山水论,冰逸,2024,河南大学出版社,14
9787574007161,我在蓬皮杜当保安,[法]奥莱丽·艾露著,2023,四川美术出版社,14
9787575300674,荒原,[美]维多利亚·迪·帕尔马,2024,译林出版社,14
9787543988880,画家之眼：审美的十二要素,安德鲁·路米斯,2023,上海科学技术文献出版社,14
9787521727333,对立之美,严伯钧,2021,中信出版社,14
9787208181953,中国绘画,[美]巫鸿,2023,上海人民出版社,14
9787807684503,巴黎有座艺术桥,[法]卡特琳·莫里斯,2024,生活书店出版有限公司,14
9787305272950,贾科梅蒂,[摩洛哥]塔哈尔·本·杰伦,2024,南京大学出版社,14
9787521757484,敦煌艺术通识课,杨琪,2023,中信出版集团,14
9787532189700,亲密关系的核心是友谊,汪民安,2024,上海文艺出版社,14
9787572606298,有一年,天然,2022,湖南文艺出版社,14
9787221176318,色彩,[意]里卡尔多·法尔奇内利,2023,贵州人民出版社,14
9787559862228,中国绘画源流,陈履生,2024,广西师范大学出版社,14
9787574211506,数学与艺术,琳恩·盖姆韦尔,2023,天津科学技术出版社,14
9787551421546,艺术世界丛书：作为当代艺术的照片（第三版）,[英]夏洛蒂·柯顿,2018,浙江摄影出版社,14
9787534451812,当代艺术的主题,[美]简·罗伯森,2013,江苏凤凰美术出版社,14
9787100224703,伊斯兰文明中的艺术史,[伊朗]哈桑·布尔哈里,2024,商务印书馆,14
9787574601178,颜色的故事,［美］斯黛拉·保罗(StellaPaul),2023,湖南美术出版社,14
9787535681010,美术馆里聊怪咖,[日]山田五郎,2017,湖南美术出版社,14
9787559837967,雕塑的故事,[英]安东尼·葛姆雷,2021,理想国,14
9787115637598,马力欧视觉艺术史,[英]未来出版社,2024,人民邮电出版社,14
9787559480330,溪花汀草,[明]文俶,2024,江苏凤凰文艺出版社,14
9787100212151,图像与爱欲,沈语冰,2023,商务印书馆,14
9787522524726,DK魔法百科,英国DK出版公司,2024,九州出版社,14
9787208187474,旧物的灵魂,郭婷,2024,上海人民出版社,14
9787305258503,工艺理论,[美]霍华德·里萨蒂,2024,南京大学出版社,14
9787559673817,试探黑夜,[阿根廷]胡安·赫尔曼,2024,北京联合出版公司,15
9787573506153,穿过一无所有的空气,[加拿大]玛格丽特·阿特伍德,2024,南海出版公司,15
9787559848727,后山开花,余秀华,2024,广西师范大学出版社,15
9787559673800,大熊座的呼唤,[奥]英格博格·巴赫曼,2024,北京联合出版公司,15
9787208187320,合作农场的冬日食谱,[美]露易丝·格丽克,2024,上海人民出版社,15
9787559866905,诗歌小史,[英]约翰·凯里,2024,广西师范大学出版社,15
9787516834114,赶时间的人,王计兵,2023,台海出版社,15
9787559673190,帕斯捷尔纳克抒情诗全集,[俄]鲍里斯·帕斯捷尔纳克,2024,北京联合出版公司,15
9787559673275,一只乌鸫在歌唱,[英]R.S.托马斯,2024,北京联合出版公司,15
9787559673879,永存我的话语,[俄]奥西普·曼德尔施塔姆,2024,北京联合出版公司,15
9787559481047,诗人的诞生,韩东,2024,江苏凤凰文艺出版社,15
9787521761788,穿越月色宁谧,[爱尔兰]威廉·巴特勒·叶芝,2024,中信出版集团,15
9787521761764,乌贼骨,[意]欧金尼奥·蒙塔莱,2024,中信出版社,15
9787559673787,今日有点沉思,[日]谷川俊太郎,2024,北京联合出版公司,15
9787540483050,我们生活的故事,[美]马克·斯特兰德,2024,湖南文艺出版社,15
9787559836052,大海，飞鸟和学者,（美）海伦·文德勒,2024,广西师范大学出版社,15
9787305277122,洛尔迦，被诅咒的诗人,[西]弗朗西斯科·翁布拉尔,2024,南京大学出版社,15
9787544270779,二十首情诗和一首绝望的歌,[智利]巴勃罗·聂鲁达,2014,南海出版公司,15
9787540796815,戈麦全集,戈麦著,2024,漓江出版社,15
9787521750867,聂鲁达情诗,[智利]巴勃罗·聂鲁达,2024,中信出版集团,15
9787219116555,未来之城,[俄]赫列勃尼科夫·韦利米尔,2024,广西人民出版社,15
9787521761771,迁徙的花园：奥登诗101首,[英]W.H.奥登,2024,中信出版集团,15
9787559864598,诗歌的坏时代,[德]贝托尔特·布莱希特,2024,广西师范大学出版社,15
9787532794652,吃火,[加]玛格丽特·阿特伍德,2024,上海译文出版社,15
9787544797849,辛波斯卡：诗心独具的私密传记,[波兰]尤安娜·格罗梅克-伊尔格,2024,译林出版社,15
9787532188574,展翅与破格,张逸旻,2024,上海文艺出版社,15
9787540471811,万物静默如谜,[波]维斯拉瓦·辛波斯卡,2016,湖南文艺出版社,15
9787544398565,必有人重写爱情,北岛,2022,海南出版社,15
9787559838759,意象的帝国,黄梵,2021,广西师范大学出版社,15
9787100226943,诗的九重门,[美]简·赫斯菲尔德,2023,商务印书馆,15
9787559674180,奥登传,[英]汉弗莱·卡彭特,2024,北京联合出版公司,15
9787020185900,墨水或许来自阴影,[瑞士]菲利普·雅各泰,2024,人民文学出版社,15
9787572614439,你燃烧了我：萨福诗集,[古希腊]萨福,2024,湖南文艺出版社,15
9787536097360,火车快开,李娟,2022,花城出版社,15
9787544798563,宇宙来我手中啄食,[智利]比森特·维多夫罗,2023,译林出版社,15
9787540262495,我偏爱读诗的荒谬,廖伟棠,2022,北京燕山出版社,15
9787559671547,再度唤醒世界：赖特诗选,[美]詹姆斯·赖特,2023,北京联合出版公司,15
9787515370217,语词中的历史与风景：中国新诗的基本问题,张桃洲,2024,中国青年出版社,15
9787532180202,我深爱我们一起相处的这些夜晚,[美国]露易丝·格丽克,2021,上海文艺出版社,15
9787559673015,我的灵魂是日落时分空无一人的旋转木马,[智利]巴勃罗·聂鲁达,2024,北京联合出版公司,15
9787516837535,二十首情诗与一首绝望的歌,[智利]巴勃罗·聂鲁达,2024,台海出版社,15
9787556134649,田野诗班,田野诗班著,2024,湖南人民出版社,15
9787522811123,何以成诗,[美]田菱（WendySwartz）,2024,社会科学文献出版社,15
9787559671738,一个拣鲨鱼牙齿的男人,胡续冬,2023,北京联合出版公司,15
9787559655097,致后代：布莱希特诗选,[德]贝托尔特·布莱希特,2022,北京联合出版公司,15
9787558627316,给一颗星的颂歌,[智]巴勃罗·聂鲁达（PabloNeruda）,2023,上海人民美术出版社,15
9787500174608,我的心只悲伤七次,(印)泰戈尔等,2023,中译出版社,15
9787549563494,月光落在左手上,余秀华,2015,广西师范大学出版社,15
9787551315654,炸裂志,陈年喜,2019,太白文艺出版社,15
9787100229166,葛兰西的灰烬,[意]帕索里尼,2024,商务印书馆,15
9787219116197,酸葡萄,[美]威廉·卡洛斯·威廉斯,2024,广西人民出版社,15
9787559651709,我将宇宙随身携带,[葡]费尔南多·佩索阿,2021,北京联合出版公司,15
9787100190985,吉尔伽美什史诗,拱玉书译注,2021,商务印书馆,15
9787573210579,万里江湖憔悴身,[美]王宇根,2024,上海古籍出版社,15
9787567553132,死于黎明：洛尔迦诗选,[西]费德里科•加西亚•洛尔迦（FedericoGarcíaLorca）,2016,华东师范大学出版社,15
9787532702176,飞鸟集,泰戈尔,1992,上海译文出版社,15
9787532755059,荒原,[英]T·S·艾略特,2012,上海译文出版社,15
9787544708531,我的孤独是一座花园,[叙利亚]阿多尼斯,2009,译林出版社,15
9787020153848,莎士比亚十四行诗,[英]威廉·莎士比亚,2020,人民文学出版社,15
9787542662958,雪是谁说的谎：倪湛舸诗集,倪湛舸,2018,雅众文化,15
9787020183036,从城堡偷糖,[美]罗伯特·勃莱,2024,人民文学出版社,15
9787544774284,埃涅阿斯纪,[古罗马]维吉尔,2018,译林出版社,15
9787219117491,悲歌与列传,杨震,2024,广西人民出版社,15
9787208168510,我坐在火山的最边缘,包慧怡,2021,上海人民出版社,15
9787530220320,我们爱过又忘记,余秀华,2020,北京十月文艺出版社,15
9787020081745,张枣的诗,张枣,2010,人民文学出版社,15
9787521760576,穿越世间众美,[捷克]雅罗斯拉夫·赛弗尔特,2024,中信出版社,15
9787540470838,摇摇晃晃的人间,余秀华,2015,湖南文艺出版社,15
9787547322826,麦克尼斯诗选（上下）,[爱尔兰]路易斯·麦克尼斯,2023,东方出版中心,15
9787201142708,克林索尔的最后夏天,[德]赫尔曼·黑塞,2019,天津人民出版社,15
9787559851970,温柔的确定性,[波兰]哈丽娜·波希维亚托夫斯卡,2022,广西师范大学出版社,15
9787555916321,诗里特别有禅,骆玉明,2024,河南文艺出版社,15
9787533974893,二十首情诗和一首绝望的歌,巴勃罗·聂鲁达,2024,浙江文艺出版社,15
9787532771257,另一个，同一个,[阿根廷]博尔赫斯,2016,上海译文出版社,15
9787532771226,深沉的玫瑰,[阿根廷]博尔赫斯,2016,上海译文出版社,15
9787559664358,不要问我时间如何流逝,[墨西哥]帕切科,2022,北京联合出版公司,15
9787532172535,德里克·沃尔科特诗集,[圣卢西亚]德里克·沃尔科特,2023,上海文艺出版社,15
9787020185375,浪游者,[德]荷尔德林,2024,人民文学出版社,15
9787544767965,四个四重奏,[英]T.S.艾略特,2017,译林出版社,15
9787020185894,时祷书,[奥]里尔克,2024,人民文学出版社,15
9787219117514,刚坚事,王强,2024,广西人民出版社,15
9787559482440,写给夜里不曾收到晚安的人,不爱浪漫爱要命,2024,江苏凤凰文艺出版社,15
9787521226997,对你的回忆散落在树与树和山与山之间,灯塔路人,2024,作家出版社,15
9787020119981,小小的死亡之歌,[西]加西亚·洛尔迦,2016,人民文学出版社,15
9787020182251,赵萝蕤译荒原我自己的歌,[英]T.S.艾略特,2023,人民文学出版社,15
9787533686246,九章,陈先发,2017,安徽教育出版社,15
9787559867247,一笔一划,冷冰川,2024,广西师范大学出版社,15
9787530600337,萨福抒情诗集,[古希腊]萨福,1989,百花文艺出版社,15
9787559675392,在应许与遗忘之间：阿米亥诗精选,[以]耶胡达·阿米亥,2024,北京联合出版公司,15
9787522205267,鲁米,[波斯]鲁米,2023,华夏出版社,15
9787020025862,顾城的诗,顾城,1998,人民文学出版社,15
9787572225789,孤独是迷人的,艾米莉·狄金森,2022,浙江教育出版社,15
9787559484413,我偏爱这人间荒芜,顾桥生,2024,江苏凤凰文艺出版社,15
9787807684008,诗歌名物百例,扬之水,2024,生活·读书·新知三联书店,15
9787020169207,致未来的诗人,(西)塞尔努达,2021,人民文学出版社,15
9787020174225,所有的桥都孤独,[奥]英格博格•巴赫曼,2022,人民文学出版社,15
9787505754683,昨夜星辰：高盛元的唐诗课,高盛元,2023,中国友谊出版公司,15
9787500883388,夜以千万只眼睛观看,[俄]雅科夫·彼得罗维奇·波隆斯基,2024,中国工人出版社,15
9787559672261,梦蝶66首,周梦蝶,2023,北京联合出版公司,15
9787219117507,啄木鸟来访,雷武铃主编；刘巨文著,2024,广西人民出版社,15
9787513344180,阿勒泰的角落,李娟,2024,新星出版社,16
9787536094352,我的阿勒泰,李娟,2021,花城出版社,16
9787549641895,吃着吃着就老了,陈晓卿,2024,文汇出版社,16
9787532189700,亲密关系的核心是友谊,汪民安,2024,上海文艺出版社,16
9787572609268,我在北京送快递,胡安焉,2023,湖南文艺出版社,16
9787536091078,记一忘三二,李娟,2020,花城出版社,16
9787208187078,历史的游荡者,李硕,2024,上海人民出版社,16
9787542678652,东京八平米,[日]吉井忍,2023,上海三联书店,16
9787530214657,我们生活在巨大的差距里,余华,2015,北京十月文艺出版社,16
9787532189922,可能的世界,杨潇,2024,上海文艺出版社,16
9787500883210,尼罗河开始流淌,吕强,2024,中国工人出版社,16
9787570204946,我的阿勒泰,李娟,2018,长江文艺出版社,16
9787572616471,赞美闲散,[英]伯特兰·罗素,2024,湖南文艺出版社,16
9787108075369,历史是扩充心量之学,王汎森,2024,生活·读书·新知三联书店,16
9787559849977,闭经记,[日]伊藤比吕美,2022,广西师范大学出版社,16
9787547744086,老派少女购物路线,洪爱珠,2023,北京日报出版社,16
9787572616389,小小小小的人间,李彬,2024,湖南文艺出版社,16
9787532188147,认识我的人慢慢忘了我,周慧著,2024,上海文艺出版社,16
9787020083442,我与地坛,史铁生,2011,人民文学出版社,16
9787559867759,离岛,库索,2024,广西师范大学出版社,16
9787532794133,世上为什么要有图书馆,杨素秋,2024,上海译文出版社,16
9787218169507,豆子芝麻茶,杨本芬,2023,广东人民出版社,16
9787516837917,解闷儿,张辰亮,2024,台海出版社,16
9787516834824,克拉克森的农场,[英]杰里米·克拉克森,2023,台海出版社,16
9787521755756,我还能看到多少次满月升起,[日]坂本龙一,2023,中信出版社,16
9787222226012,意外的旅程,许知远,2024,云南人民出版社,16
9787505754942,快乐就是哈哈哈哈哈,梁实秋,2022,中国友谊出版公司,16
9787515525310,走南闯北吃东西,高文麒,2024,金城出版社,16
9787521762549,先跳了再说,[日]仓本聪,2024,中信出版集团,16
9787222204331,法治的细节,罗翔,2021,云南人民出版社,16
9787218173863,我在上海开出租,黑桃,2024,广东人民出版社,16
9787521762457,别离歌,陈行甲,2024,中信出版集团,16
9787220126437,暮色将尽,[英]戴安娜·阿西尔,2022,四川人民出版社,16
9787573505798,沿着季风的方向,刘子超,2023,南海出版公司,16
9787559484550,十八岁出门远行,余华,2024,江苏凤凰文艺出版社,16
9787572616907,一蔸雨水一蔸禾,蔡皋,2024,湖南文艺出版社,16
9787559868268,肆意生长,程璧,2024,广西师范大学出版社,16
9787555037040,初老的女人,伊藤比吕美,2024,海峡文艺出版社,16
9787572612145,我就要自由,[日]佐野洋子,2024,湖南文艺出版社,16
9787549631452,失落的卫星,刘子超,2020,文汇出版社,16
9787532185962,书会说话,顾真,2024,上海文艺出版社,16
9787547740989,俗女养成记,江鹅,2021,北京日报出版社,16
9787201199559,在菜场，在人间,陈慧,2023,天津人民出版社,16
9787302658801,小红书博主炼成记,朱奕澄,2024,清华大学出版社,16
9787505756618,上野千鹤子的午后时光,[日]上野千鹤子,2023,中国友谊出版公司,16
9787573506023,念念远山,[英]罗伯特·麦克法伦,2024,南海出版公司,16
9787513352734,我，厌男,[法]波利娜·阿尔芒热,2023,新星出版社,16
9787536084469,遥远的向日葵地,李娟,2017,花城出版社,16
9787532796175,君幸食,[英]扶霞·邓洛普,2024,上海译文出版社,16
9787521760804,日常的深处,王小伟,2023,中信出版社,16
9787300325316,我在美国当精神科医生,杨伊德,2023,中国人民大学出版社,16
9787542684202,电影，我略知一二,贾樟柯,2024,上海三联书店,16
9787573508782,古道,[英]罗伯特·麦克法伦,2024,南海出版公司,16
9787545219838,车墩墩野事记,周颖琪,2023,光启书局,16
9787521756616,写下来，痛苦就会过去,[英]弗吉尼亚·伍尔夫著,2024,中信出版社,16
9787205107802,东京札记,葛兆光,2024,辽宁人民出版社,16
9787572615962,洋食小川,小川糸,2024,湖南文艺出版社,16
9787513312530,阿勒泰的角落,李娟,2013,新星出版社,16
9787530220368,沉默的大多数,王小波,2021,北京十月文艺出版社,16
9787532171552,边界的诱惑,柏琳,2024,上海文艺出版社,16
9787522521916,我所告诉你关于那座山的一切,刘宸君,2024,九州出版社,16
9787208187474,旧物的灵魂,郭婷,2024,上海人民出版社,16
9787305266270,资本主义现实主义,[英]马克·费舍,2024,南京大学出版社,16
9787575300148,克拉克森的农场2,[英]杰里米·克拉克森,2024,译林出版社,16
9787559672438,别靠近书,佐野洋子,2024,北京联合出版公司,16
9787550294578,阅读是一座随身携带的避难所,[英]毛姆,2017,北京联合出版公司,16
9787559672650,红尘万丈,铁鱼,2023,北京联合出版公司,16
9787569538427,我比世界晚熟,胡安焉,2024,陕西师范大学出版社,16
9787530219102,九篇雪,李娟,2019,北京十月文艺出版社,16
9787559809513,旅行之木,[日]星野道夫（MichioHoshino）,2021,广西师范大学出版社,16
9787546237381,草民,蔡崇达,2024,广州出版社,16
9787536097094,羊道·深山夏牧场,李娟,2022,花城出版社,16
9787572616693,一个人生活,[日]谷川俊太郎,2024,湖南文艺出版社,16
9787536096912,羊道·春牧场,李娟,2022,花城出版社,16
9787208184749,从昨日醒来,[美]帕蒂·史密斯,2024,上海人民出版社,16
9787020084357,我与地坛,史铁生,2008,人民文学出版社,16
9787521757958,裸泳,[日]伊藤诗织,2023,中信出版社,16
9787522519647,主人公,蒋方舟,2023,九州出版社,16
9787549635511,午夜降临前抵达,刘子超,2021,文汇出版社,16
9787536099876,冬牧场,李娟,2023,花城出版社,16
9787573011145,日常,梁永安,2023,海南出版社,16
9787521754803,相信,蔡磊,2023,中信出版社,16
9787548619925,更重要的是过好今天,bilibili编著,2024,学林出版社,16
9787533973773,醉在中国,[美]德力·桑德豪斯,2024,浙江文艺出版社,16
9787100215930,带上查理去旅行,[美]约翰·斯坦贝克,2024,商务印书馆,16
9787545219869,我的母亲做保洁,张小满,2023,光启书局,16
9787222221833,法律的悖论,罗翔,2023,云南人民出版社,16
9787570235261,独自走过悲喜,梁晓声,2024,长江文艺出版社,16
9787541163050,幸得诸君慰平生,故园风雨前,2022,四川文艺出版社,16
9787541166600,孤独的旅行家,文泽尔,2023,四川文艺出版社,16
9787542669964,夜晚的潜水艇,陈春成,2020,上海三联书店,16
9787521216516,沿着塞纳河到翡冷翠,黄永玉,2023,作家出版社,16
9787222220713,给青年叛逆者的信,[美]克里斯托弗·希钦斯,2023,云南人民出版社,16
9787222065413,我的阿勒泰,李娟,2010,云南人民出版社,16
9787544792745,一百年，许多人，许多事,杨苡/口述,2023,译林出版社,16
9787532189373,眩晕的散步,[日]武田泰淳,2024,上海文艺出版社,16
9787222220737,多谢不阅,[荷]杜布拉夫卡·乌格雷西奇,2023,云南人民出版社,16
9787551326094,当相爱的人住进一个房间,胡辛束,2024,太白文艺出版社,16
9787532758814,旅行的艺术,[英]阿兰·德波顿,2012,上海译文出版社,16
9787542682390,在秋天,[挪威]卡尔·奥韦·克瑙斯高,2023,上海三联书店,16
9787229151447,猎魔人卷四,[波兰]安杰伊·萨普科夫斯基,2020,重庆出版社,17
9787020185504,猛虎下山,李修文,2024,人民文学出版社,17
9788016014976,迷宮飯(01),九井諒子,2015,迷宮飯,17
9787544291170,百年孤独,[哥伦比亚]加西亚·马尔克斯,2017,南海出版公司,17
9787559477767,蜘蛛神的儿子,[美]尼尔·盖曼,2023,江苏凤凰文艺出版社,17
9787557021115,诡秘之主1,爱潜水的乌贼,2020,广东旅游出版社,17
9787208113039,魔戒,[英]J.R.R.托尔金,2013,上海人民出版社,17
9787020096695,哈利·波特,J.K.罗琳(J.K.Rowling),2008,人民文学出版社,17
9787514238204,克苏鲁的呼唤,[日]田边刚,2023,文化发展出版社,17
9789864829750,庫洛魔法使愛藏版8,CLAMP,2018,庫洛魔法使愛藏版,17
9787801455260,冰风谷（全三册）,[美]R.A.萨尔瓦多,2002,光明日报出版社,17
9787513316750,圣诞夜惊魂,[美]蒂姆·伯顿著/绘,2015,新星出版社,17
9787020104215,巴黎圣母院,[法]雨果,2015,人民文学出版社,17
9787208183360,魔戒,[英]J.R.R.托尔金,2023,上海人民出版社,17
9787559858474,魔角,[墨西哥]莉奥诺拉·卡林顿,2023,广西师范大学出版社,17
9787554623169,从前，有一个点,常立,2024,古吴轩出版社,17
9787539673196,诡秘之主8,爱潜水的乌贼,2021,安徽文艺出版社,17
9787532149766,替身,[日]绫辻行人,2013,上海文艺出版社,17
9787557014858,诡秘之主4,爱潜水的乌贼,2020,广东旅游出版社,17
9787229167127,饥饿的盛世,张宏杰,2022,重庆出版社,17
9787539671710,诡秘之主5,爱潜水的乌贼,2021,安徽文艺出版社,17
9787020060528,守夜人,(俄罗斯)谢尔盖·卢基扬年科,2007,人民文学出版社,17
9787531325758,幻城,郭敬明,2003,春风文艺出版社,17
9789864829699,庫洛魔法使愛藏版2,CLAMP,2017,庫洛魔法使愛藏版,17
9789864829705,庫洛魔法使愛藏版3,CLAMP,2017,庫洛魔法使愛藏版,17
9789864829712,庫洛魔法使愛藏版4,CLAMP,2017,庫洛魔法使愛藏版,17
9789864829729,庫洛魔法使愛藏版5,CLAMP,2017,庫洛魔法使愛藏版,17
9787532178629,深水,[英]黛西·约翰逊,2021,上海文艺出版社,17
9789864829743,庫洛魔法使愛藏版7,CLAMP,2018,庫洛魔法使愛藏版,17
9789861140872,厄夜怪客(04),平野耕太,2004,厄夜怪客,17
9789861140865,厄夜怪客(03),平野耕太,2004,厄夜怪客,17
9787559652614,浮木,杨本芬,2021,北京联合出版公司,17
9789573489443,厄夜怪客(02),平野耕太,2000,厄夜怪客,17
9787542669964,夜晚的潜水艇,陈春成,2020,上海三联书店,17
9787559673374,霍比特人,[英]J.R.R.托尔金,2024,北京联合出版公司,17
9787544791076,纳尼亚传奇：狮子、女巫与魔衣柜,[英国]C.S.刘易斯,2022,译林出版社,17
9787600100354,龙珠,[日]鸟山明,2005,中国少年儿童出版社,17
9789861034881,厄夜怪客(10),平野耕太,2009,厄夜怪客,17
9787544722292,如果在冬夜，一个旅人,[意]伊塔洛·卡尔维诺,2012,译林出版社,17
9787559657275,我本芬芳,杨本芬,2022,北京联合出版公司,17
9787532177578,抓落叶,[美]汤米·巴特勒,2020,上海文艺出版社,17
9787549621149,碟形世界2：实习女巫和小小自由人,[英]特里·普拉切特,2017,文汇出版社,17
9787513348744,第七天,余华,2023,新星出版社,17
9787559460011,南部档案,南派三叔,2021,江苏凤凰文艺出版社,17
9781506711096,TheWitcherVolume4,AleksandraMotyka,2019,TheWitcherVolume,17
9789573489436,厄夜怪客(01),平野耕太,2000,厄夜怪客,17
9787540785420,狗心,[俄]布尔加科夫,2018,漓江出版社,17
9789861144078,厄夜怪客(05),平野耕太,2004,厄夜怪客,17
9789861144085,厄夜怪客(06),平野耕太,2004,厄夜怪客,17
9789861161464,厄夜怪客(07),平野耕太,2005,厄夜怪客,17
9789861188041,厄夜怪客(08),平野耕太,2006,厄夜怪客,17
9789861009957,厄夜怪客(09),平野耕太,2008,厄夜怪客,17
9787548936183,大道朝天一：临江仙,猫腻,2019,云南美术出版社,17
9787559665386,在东大和上野千鹤子学“吵架”,[日]遥洋子,2023,北京联合出版公司,17
9787539629032,鬼吹灯Ⅱ之二·南海归墟,天下霸唱,2007,安徽文艺出版社,17
9787535441768,临界·爵迹I,郭敬明,2010,长江文艺出版社,17
9787534262135,查理九世1·黑贝街的亡灵,雷欧幻像,2011,浙江少年儿童出版社,17
9787513328883,黑暗精灵,[美]R·A·萨尔瓦多,2017,新星出版社,17
9781781107959,霍格沃茨不完全不靠谱指南,[英]J.K.罗琳,2016,PottermorePresents(中文),17
9787550189294,魔戒四部曲,[英]J.R.R.托尔金,2024,南方出版社,17
9787559479136,爱伦·坡故事集,[美]埃德加·爱伦·坡,2023,江苏凤凰文艺出版社,17
9781526666321,HarryPotterandthePrisonerofAzkaban,[英]J.K.罗琳,2023,HarryPotter(MinaLimaEdition),17
9787559425515,星尘,(英)尼尔·盖曼(NeilGaiman),2018,江苏凤凰文艺出版社,17
9787532161850,失物之书,〔爱尔兰〕约翰•康诺利,2017,上海文艺出版社,17
9787557021122,诡秘之主2,爱潜水的乌贼,2020,广东旅游出版社,17
9787557021139,诡秘之主3,爱潜水的乌贼,2020,广东旅游出版社,17
9787551819251,山月记,[日]中岛敦,2018,三秦出版社,17
9787539675305,诡秘之主13,爱潜水的乌贼,2022,安徽文艺出版社,17
9787539673882,诡秘之主10,爱潜水的乌贼,2022,安徽文艺出版社,17
9787536097513,谷围南亭,墨飞,2022,花城出版社,17
9787544290678,南方高速,[阿根廷]胡里奥·科塔萨尔,2017,南海出版公司,17
9787229174613,饥饿的盛世,张宏杰,2023,重庆出版社,17
9780590353427,HarryPotterandtheSorcerer'sStone,J.K.Rowling,1999,HarryPotter(AmericanPaperbacksVersion),17
9787544716086,宇宙奇趣全集,伊塔洛·卡尔维诺,2011,译林出版社,17
9787547744635,绑架回忆,[日]大山诚一郎,2023,北京日报出版社,17
9789888507481,寄生獸完全版1,岩明均,2018,寄生獸完全版,17
9787229151485,猎魔人（卷一）,[波兰]安杰伊·萨普科夫斯基,2020,重庆出版社,17
9787229151430,猎魔人（卷二）,[波兰]安杰伊·萨普科夫斯基,2020,重庆出版社,17
9789572653081,終末的女武神1,梅村真也,2020,终末的女武神,17
9787229151461,猎魔人卷六,[波兰]安杰伊·萨普科夫斯基,2020,重庆出版社,17
9787020095377,哈尔的移动城堡,[英]戴安娜•韦恩•琼斯,2013,人民文学出版社,17
9787539673509,牧神记1,宅猪,2022,安徽文艺出版社,17
9781781104804,哈利·波特与魔法石,J.K.罗琳,2016,哈利·波特,17
9787539671888,诡秘之主6,爱潜水的乌贼,2021,安徽文艺出版社,17
9787557032999,谷围南亭.2,墨飞,2024,广东旅游出版社,17
9787208172869,托尔金,[英]凯瑟琳·麦基尔韦恩,2023,上海人民出版社,17
9787559864123,出生意愿确认,李琴峰,2024,广西师范大学出版社,17
9787513349604,毫无意义,[美]伍迪·艾伦,2022,新星出版社,17
9787539672595,诡秘之主7,爱潜水的乌贼,2021,安徽文艺出版社,17
9787539674605,诡秘之主11,爱潜水的乌贼,2022,安徽文艺出版社,17
9787521758757,水下之人,吕晓宇,2023,中信出版社,17
9787220103735,太古和其他的时间,[波兰]奥尔加·托卡尔丘克,2017,四川人民出版社,17
9781552445310,獵魔戰記16,八木教広,2009,獵魔戰記,17
9787513345651,Blue,[日]叶真中显,2021,新星出版社,17
9787540476731,爵迹：冷血狂宴,郭敬明,2018,湖南文艺出版社,17
9786263840720,特殊傳說Ⅲvol.08,護玄,2024,特殊傳說Ⅲ,17
9787208111028,霍比特人,[英]J.R.R.托尔金,2013,上海人民出版社,17
9787544849579,万物简史(修订本),[美]比尔·布莱森,2017,接力出版社,17
9787544253994,百年孤独,[哥伦比亚]加西亚·马尔克斯,2011,南海出版公司,17
9789864829682,庫洛魔法使愛藏版1,CLAMP,2017,庫洛魔法使愛藏版,17
